F89000	"aR @"***
F89001	"aR @"***1+
F89002	"aR @"***2+
F89003	"aR @"***3+
F89004	"aR @"***4+
F89005	"aR @"***5+
F89006	"aR @"***6+
F89007	"aR @"***7+
F89008	"dO~,,"*+**
F89009	"aR @"***9+
F8900A	"r~~r"**+9*
F8900B	"kuf'#"***\-
F8900C	"juf'#"***\-
F8900D	"iuf'#"***\-
F8900E	"huf'#"***\-
F8900F	"guf'#"***\-
F89010	"fuf'#"***\-
F89011	"euf'#"***\-
F89012	"duf'#"***\-
F89013	"s~~r"**+9*
F89014	"buf'#"***\-
F89015	"auf'#"***\-
F89016	"`uf'#"***\-
F89017	"_uf'#"***\-
F89018	"^uf'#"***\-
F89019	"]uf'#"***\-
F8901A	"\uf'#"***\-
F8901B	"[uf'#"***\-
F8901C	"t~~r"**+9*
F8901D	"Yuf'#"***\-
F8901E	"Xuf'#"***\-
F8901F	"Wuf'#"***\-
F89020	"Vuf'#"***\-
F89021	"Uuf'#"***\-
F89022	"Tuf'#"***\-
F89023	"Suf'#"***\-
F89024	"Ruf'#"***\-
F89025	"u~~r"**+9*
F89026	"Puf'#"***\-
F89027	"Ouf'#"***\-
F89028	"Nuf'#"***\-
F89029	"Muf'#"***\-
F8902A	"Luf'#"***\-
F8902B	"Kuf'#"***\-
F8902C	"Juf'#"***\-
F8902D	"Iuf'#"***\-
F8902E	"v~~r"**+9*
F8902F	"Guf'#"***\-
F89030	"Fuf'#"***\-
F89031	"Euf'#"***\-
F89032	"Duf'#"***\-
F89033	"Cuf'#"***\-
F89034	"Buf'#"***\-
F89035	"Auf'#"***\-
F89036	"@uf'#"***\-
F89037	"w~~r"**+9*
F89038	">uf'#"***\-
F89039	"=uf'#"***\-
F8903A	"<uf'#"***\-
F8903B	";uf'#"***\-
F8903C	":uf'#"***\-
F8903D	"9uf'#"***\-
F8903E	"8uf'#"***\-
F8903F	"7uf'#"***\-
F89040	"x~~r"**+9*
F89041	"5uf'#"***\-
F89042	"4uf'#"***\-
F89043	"3uf'#"***\-
F89044	"2uf'#"***\-
F89045	"1uf'#"***\-
F89046	"0uf'#"***\-
F89047	"/uf'#"***\-
F89048	".uf'#"***\-
F89049	"y~~r"**+9*
F8904A	",uf'#"***\-
F8904B	"+uf'#"***\-
F8904C	"*uf'#"***\-
F8904D	")uf'#"***\-
F8904E	"(uf'#"***\-
F8904F	"'uf'#"***\-
F89050	"&uf'#"***\-
F89051	"%uf'#"***\-
F89052	"z~~r"**+9*
F89053	"#uf'#"***\-
F89054	"TaR@ "***+
F89055	"!uf'#"***\-
F89056	" uf'#"***\-
F89057	"WaR@ "***+
F89058	"XaR@ "***+
F89059	"YaR@ "***+
F8905A	"ZaR@ "***+
F8905B	"[aR@ "***+
F8905C	"\aR@ "***+
F8905D	"]aR@ "***+
F8905E	"^aR@ "***+
F8905F	"_aR@ "***+
F89060	"`aR@ "***+
F89061	"aaR@ "***+
F89062	"baR@ "***+
F89063	"caR@ "***+
F89064	"daR@ "***+
F89065	"eaR@ "***+
F89066	"faR@ "***+
F89067	"gaR@ "***+
F89068	"haR@ "***+
F89069	"iaR@ "***+
F8906A	"jaR@ "***+
F8906B	"kaR@ "***+
F8906C	"vn~}"+**5*
F8906D	"uf'#"***9-
F8906E	"uf'#"***8-
F8906F	"uf'#"***7-
F89070	"uf'#"***6-
F89071	"uf'#"***5-
F89072	"uf'#"***4-
F89073	"uf'#"***3-
F89074	"uf'#"***2-
F89075	"uf'#"***1-
F89076	"uf'#"***
F89077	"uf'#"***1+
F89078	"uf'#"***2+
F89079	"uf'#"***3+
F8907A	"uf'#"***4+
F8907B	"uf'#"***5+
F8907C	"uf'#"***6+
F8907D	"uf'#"***7+
F8907E	"uf'#"***8+
F8907F	"uf'#"***9+
F89080	"kuG5%"***\-
F89081	"juG5%"***\-
F89082	"iuG5%"***\-
F89083	"huG5%"***\-
F89084	"guG5%"***\-
F89085	"fuG5%"***\-
F89086	"euG5%"***\-
F89087	"duG5%"***\-
F89088	"cuG5%"***\-
F89089	"buG5%"***\-
F8908A	"auG5%"***\-
F8908B	"`uG5%"***\-
F8908C	"_uG5%"***\-
F8908D	"^uG5%"***\-
F8908E	"]uG5%"***\-
F8908F	"\uG5%"***\-
F89090	"[uG5%"***\-
F89091	"ZuG5%"***\-
F89092	"YuG5%"***\-
F89093	"XuG5%"***\-
F89094	"WuG5%"***\-
F89095	"VuG5%"***\-
F89096	"UuG5%"***\-
F89097	"TuG5%"***\-
F89098	"SuG5%"***\-
F89099	"RuG5%"***\-
F8909A	"QuG5%"***\-
F8909B	"PuG5%"***\-
F8909C	"OuG5%"***\-
F8909D	"NuG5%"***\-
F8909E	"MuG5%"***\-
F8909F	"LuG5%"***\-
F890A0	"p*~G/"*+**
F890A1	"JuG5%"***\-
F890A2	"IuG5%"***\-
F890A3	"HuG5%"***\-
F890A4	"GuG5%"***\-
F890A5	"FuG5%"***\-
F890A6	"EuG5%"***\-
F890A7	";~_S#"**+*
F890A8	"CuG5%"***\-
F890A9	"BuG5%"***\-
F890AA	"AuG5%"***\-
F890AB	"@uG5%"***\-
F890AC	"?uG5%"***\-
F890AD	"g/~O)"*+**
F890AE	"M~k4&"**+*
F890AF	"<uG5%"***\-
F890B0	";uG5%"***\-
F890B1	":uG5%"***\-
F890B2	"9uG5%"***\-
F890B3	"8uG5%"***\-
F890B4	"7uG5%"***\-
F890B5	"6uG5%"***\-
F890B6	"5uG5%"***\-
F890B7	"4uG5%"***\-
F890B8	"3uG5%"***\-
F890B9	"2uG5%"***\-
F890BA	"1uG5%"***\-
F890BB	"0uG5%"***\-
F890BC	"/uG5%"***\-
F890BD	".uG5%"***\-
F890BE	"-uG5%"***\-
F890BF	",uG5%"***\-
F890C0	"@~UI)"**+*
F890C1	"*uG5%"***\-
F890C2	")uG5%"***\-
F890C3	"(uG5%"***\-
F890C4	"yN~(("*+**
F890C5	"&uG5%"***\-
F890C6	"%uG5%"***\-
F890C7	"Q+~{%"*+**
F890C8	"#uG5%"***\-
F890C9	"9zm##"***\-
F890CA	"!uG5%"***\-
F890CB	"US~;%"*+**
F890CC	"6zm##"***\-
F890CD	"5zm##"***\-
F890CE	"4zm##"***\-
F890CF	"3zm##"***\-
F890D0	"}x~7"+**6*
F890D1	"k[~q"+**7*
F890D2	"0zm##"***\-
F890D3	"/zm##"***\-
F890D4	".zm##"***\-
F890D5	"-zm##"***\-
F890D6	",zm##"***\-
F890D7	"+zm##"***\-
F890D8	"*zm##"***\-
F890D9	")zm##"***\-
F890DA	"(zm##"***\-
F890DB	"'zm##"***\-
F890DC	"&zm##"***\-
F890DD	"%zm##"***\-
F890DE	"$zm##"***\-
F890DF	"#zm##"***\-
F890E0	"@qU5 "***\-
F890E1	"!zm##"***\-
F890E2	"uG5%"***9-
F890E3	"uG5%"***8-
F890E4	"uG5%"***7-
F890E5	"uG5%"***6-
F890E6	"uG5%"***5-
F890E7	"uG5%"***4-
F890E8	"uG5%"***3-
F890E9	"uG5%"***2-
F890EA	"uG5%"***1-
F890EB	"uG5%"***
F890EC	"uG5%"***1+
F890ED	"uG5%"***2+
F890EE	"uG5%"***3+
F890EF	"uG5%"***4+
F890F0	"uG5%"***5+
F890F1	"uG5%"***6+
F890F2	"uG5%"***7+
F890F3	"uG5%"***8+
F890F4	"uG5%"***9+
F890F5	"+qU5 "***\-
F890F6	"*qU5 "***\-
F890F7	")qU5 "***\-
F890F8	"(qU5 "***\-
F890F9	"zm##"***9-
F890FA	"zm##"***8-
F890FB	"zm##"***7-
F890FC	"zm##"***6-
F890FD	"zm##"***5-
F890FE	"zm##"***4-
F890FF	"zm##"***3-
F89100	"zm##"***2-
F89101	"zm##"***1-
F89102	"zm##"***
F89103	"zm##"***1+
F89104	"zm##"***2+
F89105	"zm##"***3+
F89106	"zm##"***4+
F89107	"zm##"***5+
F89108	"zm##"***6+
F89109	"zm##"***7+
F8910A	"zm##"***8+
F8910B	"zm##"***9+
F8910C	"<VRF!"***\-
F8910D	";VRF!"***\-
F8910E	":VRF!"***\-
F8910F	"9VRF!"***\-
F89110	"8VRF!"***\-
F89111	"7VRF!"***\-
F89112	"6VRF!"***\-
F89113	"5VRF!"***\-
F89114	"4VRF!"***\-
F89115	"3VRF!"***\-
F89116	"2VRF!"***\-
F89117	"qU5 "***9-
F89118	"qU5 "***8-
F89119	"qU5 "***7-
F8911A	"qU5 "***6-
F8911B	"qU5 "***5-
F8911C	"qU5 "***4-
F8911D	"qU5 "***3-
F8911E	"qU5 "***2-
F8911F	"qU5 "***1-
F89120	"qU5 "***
F89121	"qU5 "***1+
F89122	"qU5 "***2+
F89123	"qU5 "***3+
F89124	"qU5 "***4+
F89125	"qU5 "***5+
F89126	"qU5 "***6+
F89127	"qU5 "***7+
F89128	"qU5 "***8+
F89129	"qU5 "***9+
F8912A	"(zm##"***+
F8912B	")zm##"***+
F8912C	"*zm##"***+
F8912D	"+zm##"***+
F8912E	",zm##"***+
F8912F	"-zm##"***+
F89130	".zm##"***+
F89131	"/zm##"***+
F89132	"0zm##"***+
F89133	"?1~e3"*+**
F89134	"2zm##"***+
F89135	"3zm##"***+
F89136	"4zm##"***+
F89137	"5zm##"***+
F89138	"6zm##"***+
F89139	"7zm##"***+
F8913A	"8zm##"***+
F8913B	"9zm##"***+
F8913C	":zm##"***+
F8913D	";zm##"***+
F8913E	"<zm##"***+
F8913F	"VRF!"***9-
F89140	"VRF!"***8-
F89141	"VRF!"***7-
F89142	"VRF!"***6-
F89143	"VRF!"***5-
F89144	"VRF!"***4-
F89145	"VRF!"***3-
F89146	"VRF!"***2-
F89147	"VRF!"***1-
F89148	"VRF!"***
F89149	"VRF!"***1+
F8914A	"VRF!"***2+
F8914B	"VRF!"***3+
F8914C	"VRF!"***4+
F8914D	"_&"*:*4/5*
F8914E	"VRF!"***6+
F8914F	"VRF!"***7+
F89150	"VRF!"***8+
F89151	"VRF!"***9+
F89152	"2qU5 "***+
F89153	"3qU5 "***+
F89154	"4qU5 "***+
F89155	"5qU5 "***+
F89156	"6qU5 "***+
F89157	"7qU5 "***+
F89158	"8qU5 "***+
F89159	"9qU5 "***+
F8915A	":qU5 "***+
F8915B	";qU5 "***+
F8915C	"<qU5 "***+
F8915D	"=qU5 "***+
F8915E	">qU5 "***+
F8915F	"?qU5 "***+
F89160	"rh~g"+**6*
F89161	"AqU5 "***+
F89162	"BqU5 "***+
F89163	"CqU5 "***+
F89164	"DqU5 "***+
F89165	"EqU5 "***+
F89166	"FqU5 "***+
F89167	"GqU5 "***+
F89168	" VRF!"***+
F89169	"c/~K-"*+**
F8916A	"JqU5 "***+
F8916B	"#VRF!"***+
F8916C	"$VRF!"***+
F8916D	"%VRF!"***+
F8916E	"&VRF!"***+
F8916F	"'VRF!"***+
F89170	"(VRF!"***+
F89171	"S)~O;"*+**
F89172	"*VRF!"***+
F89173	"+VRF!"***+
F89174	",VRF!"***+
F89175	"-VRF!"***+
F89176	".VRF!"***+
F89177	"/VRF!"***+
F89178	"0VRF!"***+
F89179	"1VRF!"***+
F8917A	"2VRF!"***+
F8917B	"3VRF!"***+
F8917C	"4VRF!"***+
F8917D	"5VRF!"***+
F8917E	"6VRF!"***+
F8917F	"7VRF!"***+
F89180	"8VRF!"***+
F89181	"9VRF!"***+
F89182	":VRF!"***+
F89183	";VRF!"***+
F89184	"<VRF!"***+
F89185	"=VRF!"***+
F89186	">VRF!"***+
F89187	"?VRF!"***+
F89188	"@VRF!"***+
F89189	"AVRF!"***+
F8918A	"BVRF!"***+
F8918B	"CVRF!"***+
F8918C	"DVRF!"***+
F8918D	"~WI9-"***\-
F8918E	"}WI9-"***\-
F8918F	"|WI9-"***\-
F89190	"{WI9-"***\-
F89191	"zWI9-"***\-
F89192	"yWI9-"***\-
F89193	"xWI9-"***\-
F89194	"wWI9-"***\-
F89195	"vWI9-"***\-
F89196	"uWI9-"***\-
F89197	"tWI9-"***\-
F89198	"sWI9-"***\-
F89199	"rWI9-"***\-
F8919A	"qWI9-"***\-
F8919B	"pWI9-"***\-
F8919C	"oWI9-"***\-
F8919D	"nWI9-"***\-
F8919E	"mWI9-"***\-
F8919F	"lWI9-"***\-
F891A0	"kWI9-"***\-
F891A1	"jWI9-"***\-
F891A2	"iWI9-"***\-
F891A3	"hWI9-"***\-
F891A4	"gWI9-"***\-
F891A5	"fWI9-"***\-
F891A6	"eWI9-"***\-
F891A7	"dWI9-"***\-
F891A8	"cWI9-"***\-
F891A9	"bWI9-"***\-
F891AA	"aWI9-"***\-
F891AB	"`WI9-"***\-
F891AC	"_WI9-"***\-
F891AD	"^WI9-"***\-
F891AE	"]WI9-"***\-
F891AF	"\WI9-"***\-
F891B0	"[WI9-"***\-
F891B1	"ZWI9-"***\-
F891B2	"YWI9-"***\-
F891B3	"XWI9-"***\-
F891B4	"WWI9-"***\-
F891B5	"VWI9-"***\-
F891B6	"UWI9-"***\-
F891B7	"TWI9-"***\-
F891B8	"SWI9-"***\-
F891B9	"RWI9-"***\-
F891BA	"QWI9-"***\-
F891BB	"PWI9-"***\-
F891BC	"OWI9-"***\-
F891BD	"NWI9-"***\-
F891BE	"MWI9-"***\-
F891BF	"LWI9-"***\-
F891C0	"xG~/&"*+**
F891C1	"JWI9-"***\-
F891C2	"IWI9-"***\-
F891C3	"HWI9-"***\-
F891C4	"GWI9-"***\-
F891C5	"FWI9-"***\-
F891C6	"EWI9-"***\-
F891C7	"DWI9-"***\-
F891C8	"CWI9-"***\-
F891C9	"BWI9-"***\-
F891CA	"AWI9-"***\-
F891CB	"@WI9-"***\-
F891CC	"?WI9-"***\-
F891CD	">WI9-"***\-
F891CE	"=WI9-"***\-
F891CF	"<WI9-"***\-
F891D0	";WI9-"***\-
F891D1	":WI9-"***\-
F891D2	"9WI9-"***\-
F891D3	"8WI9-"***\-
F891D4	"7WI9-"***\-
F891D5	"6WI9-"***\-
F891D6	"5WI9-"***\-
F891D7	"4WI9-"***\-
F891D8	"3WI9-"***\-
F891D9	"2WI9-"***\-
F891DA	"1WI9-"***\-
F891DB	"0WI9-"***\-
F891DC	"/WI9-"***\-
F891DD	".WI9-"***\-
F891DE	"-WI9-"***\-
F891DF	",WI9-"***\-
F891E0	"+WI9-"***\-
F891E1	"*WI9-"***\-
F891E2	")WI9-"***\-
F891E3	"(WI9-"***\-
F891E4	"'WI9-"***\-
F891E5	"&WI9-"***\-
F891E6	"%WI9-"***\-
F891E7	"$WI9-"***\-
F891E8	"#WI9-"***\-
F891E9	"+WI9-"***\-9+
F891EA	"!WI9-"***\-
F891EB	" WI9-"***\-
F891EC	"RVR#!"***+2*
F891ED	"7X+)#"***+3*
F891EE	"SVR#!"***+2*
F891EF	"~S)~O;"*+**+
F891F0	"~~yX"*+*6*2*
F891F1	"#WI9-"***\-9+
F891F2	"e~V~.&"*+*+*
F891F3	"9X+)#"***+3*
F891F4	"VVR#!"***+2*
F891F5	"~S)~O;"*+**+6+
F891F6	"WVR#!"***+2*
F891F7	"@~gA&"**+*9-
F891F8	"@~gA&"**+*8-
F891F9	"@~gA&"**+*7-
F891FA	"@~gA&"**+*6-
F891FB	"@~gA&"**+*5-
F891FC	"@~gA&"**+*4-
F891FD	"@~gA&"**+*3-
F891FE	".~g~M+"*+*+*
F891FF	"@~gA&"**+*1-
F89200	"@~gA&"**+*
F89201	"@~gA&"**+*1+
F89202	"WI9-"***9-
F89203	"WI9-"***8-
F89204	"WI9-"***7-
F89205	"WI9-"***6-
F89206	"WI9-"***5-
F89207	"WI9-"***4-
F89208	"WI9-"***3-
F89209	"C;~U/"*+**
F8920A	"WI9-"***1-
F8920B	"WI9-"***
F8920C	"WI9-"***1+
F8920D	"WI9-"***2+
F8920E	"WI9-"***3+
F8920F	"WI9-"***4+
F89210	"WI9-"***5+
F89211	"WI9-"***6+
F89212	"WI9-"***7+
F89213	"WI9-"***8+
F89214	"WI9-"***9+
F89215	"WI9-"***1+9+
F89216	"U+~G="*+**9-
F89217	"U+~G="*+**8-
F89218	"U+~G="*+**7-
F89219	"U+~G="*+**6-
F8921A	"U+~G="*+**5-
F8921B	"U+~G="*+**4-
F8921C	"U+~G="*+**3-
F8921D	"U+~G="*+**2-
F8921E	"U+~G="*+**1-
F8921F	"U+~G="*+**
F89220	"U+~G="*+**1+
F89221	"U+~G="*+**2+
F89222	"U+~G="*+**3+
F89223	"U+~G="*+**4+
F89224	"n~D D"**+*
F89225	"U+~G="*+**6+
F89226	"U+~G="*+**7+
F89227	"U+~G="*+**8+
F89228	"U+~G="*+**9+
F89229	"~aY3%"***\-
F8922A	"}aY3%"***\-
F8922B	"|aY3%"***\-
F8922C	"{aY3%"***\-
F8922D	"zaY3%"***\-
F8922E	"yaY3%"***\-
F8922F	"xaY3%"***\-
F89230	"h~I C"**+*
F89231	"vaY3%"***\-
F89232	"uaY3%"***\-
F89233	"taY3%"***\-
F89234	"saY3%"***\-
F89235	"raY3%"***\-
F89236	"qaY3%"***\-
F89237	"paY3%"***\-
F89238	"oaY3%"***\-
F89239	"naY3%"***\-
F8923A	"maY3%"***\-
F8923B	"laY3%"***\-
F8923C	"kaY3%"***\-
F8923D	"jaY3%"***\-
F8923E	"iaY3%"***\-
F8923F	"haY3%"***\-
F89240	"gaY3%"***\-
F89241	"faY3%"***\-
F89242	"eaY3%"***\-
F89243	"daY3%"***\-
F89244	"vr~/"+**7*
F89245	"baY3%"***\-
F89246	"aaY3%"***\-
F89247	"`aY3%"***\-
F89248	"_aY3%"***\-
F89249	"^aY3%"***\-
F8924A	"]aY3%"***\-
F8924B	"\aY3%"***\-
F8924C	"[aY3%"***\-
F8924D	"ZaY3%"***\-
F8924E	"YaY3%"***\-
F8924F	"XaY3%"***\-
F89250	"X~{ /"**+*
F89251	"VaY3%"***\-
F89252	"UaY3%"***\-
F89253	"TaY3%"***\-
F89254	"SaY3%"***\-
F89255	"RaY3%"***\-
F89256	"QaY3%"***\-
F89257	"PaY3%"***\-
F89258	"OaY3%"***\-
F89259	"NaY3%"***\-
F8925A	"MaY3%"***\-
F8925B	"LaY3%"***\-
F8925C	"KaY3%"***\-
F8925D	"JaY3%"***\-
F8925E	"IaY3%"***\-
F8925F	"HaY3%"***\-
F89260	"GaY3%"***\-
F89261	"FaY3%"***\-
F89262	"EaY3%"***\-
F89263	"DaY3%"***\-
F89264	"CaY3%"***\-
F89265	"BaY3%"***\-
F89266	"AaY3%"***\-
F89267	"@aY3%"***\-
F89268	"?aY3%"***\-
F89269	">aY3%"***\-
F8926A	"=aY3%"***\-
F8926B	"<aY3%"***\-
F8926C	";aY3%"***\-
F8926D	":aY3%"***\-
F8926E	"9aY3%"***\-
F8926F	"8aY3%"***\-
F89270	"7aY3%"***\-
F89271	"6aY3%"***\-
F89272	"5aY3%"***\-
F89273	"4aY3%"***\-
F89274	"3aY3%"***\-
F89275	"2aY3%"***\-
F89276	"1aY3%"***\-
F89277	"0aY3%"***\-
F89278	"/aY3%"***\-
F89279	".aY3%"***\-
F8927A	"-aY3%"***\-
F8927B	",aY3%"***\-
F8927C	"+aY3%"***\-
F8927D	"*aY3%"***\-
F8927E	"A~g@&"**+*
F8927F	"(aY3%"***\-
F89280	"'aY3%"***\-
F89281	"&aY3%"***\-
F89282	"%aY3%"***\-
F89283	"$aY3%"***\-
F89284	"#aY3%"***\-
F89285	"1mE9&"***\-
F89286	"!aY3%"***\-
F89287	" aY3%"***\-
F89288	".mE9&"***\-
F89289	"-mE9&"***\-
F8928A	",mE9&"***\-
F8928B	"+mE9&"***\-
F8928C	"*mE9&"***\-
F8928D	")mE9&"***\-
F8928E	"(mE9&"***\-
F8928F	"'mE9&"***\-
F89290	"&mE9&"***\-
F89291	"%mE9&"***\-
F89292	"$mE9&"***\-
F89293	"#mE9&"***\-
F89294	"lnY4 "***\-
F89295	"!mE9&"***\-
F89296	" mE9&"***\-
F89297	"inY4 "***\-
F89298	"hnY4 "***\-
F89299	"gnY4 "***\-
F8929A	"fnY4 "***\-
F8929B	"enY4 "***\-
F8929C	"dnY4 "***\-
F8929D	"cnY4 "***\-
F8929E	"aY3%"***9-
F8929F	"aY3%"***8-
F892A0	"aY3%"***7-
F892A1	"aY3%"***6-
F892A2	"aY3%"***5-
F892A3	"aY3%"***4-
F892A4	"aY3%"***3-
F892A5	"aY3%"***2-
F892A6	"aY3%"***1-
F892A7	"aY3%"***
F892A8	"aY3%"***1+
F892A9	"aY3%"***2+
F892AA	"aY3%"***3+
F892AB	"aY3%"***4+
F892AC	"aY3%"***5+
F892AD	"aY3%"***6+
F892AE	"aY3%"***7+
F892AF	"aY3%"***8+
F892B0	"aY3%"***9+
F892B1	"mE9&"***5-
F892B2	"mE9&"***4-
F892B3	"mE9&"***3-
F892B4	"mE9&"***2-
F892B5	"mE9&"***1-
F892B6	"mE9&"***
F892B7	"mE9&"***1+
F892B8	"D~RI("**+*
F892B9	"mE9&"***3+
F892BA	"mE9&"***4+
F892BB	"mE9&"***5+
F892BC	"mE9&"***6+
F892BD	"mE9&"***7+
F892BE	"mE9&"***8+
F892BF	"mE9&"***9+
F892C0	"@nY4 "***\-
F892C1	"?nY4 "***\-
F892C2	">nY4 "***\-
F892C3	"=nY4 "***\-
F892C4	"<nY4 "***\-
F892C5	";nY4 "***\-
F892C6	":nY4 "***\-
F892C7	"9nY4 "***\-
F892C8	"8nY4 "***\-
F892C9	"7nY4 "***\-
F892CA	"6nY4 "***\-
F892CB	"5nY4 "***\-
F892CC	"4nY4 "***\-
F892CD	"3nY4 "***\-
F892CE	"2nY4 "***\-
F892CF	"1nY4 "***\-
F892D0	"0nY4 "***\-
F892D1	"/nY4 "***\-
F892D2	".nY4 "***\-
F892D3	"-nY4 "***\-
F892D4	",nY4 "***\-
F892D5	"+nY4 "***\-
F892D6	"*nY4 "***\-
F892D7	")nY4 "***\-
F892D8	"(nY4 "***\-
F892D9	"'nY4 "***\-
F892DA	"&nY4 "***\-
F892DB	"%nY4 "***\-
F892DC	"$nY4 "***\-
F892DD	"#nY4 "***\-
F892DE	"2tS/$"***\-
F892DF	"!nY4 "***\-
F892E0	" nY4 "***\-
F892E1	"/tS/$"***\-
F892E2	".tS/$"***\-
F892E3	"-tS/$"***\-
F892E4	",tS/$"***\-
F892E5	"+tS/$"***\-
F892E6	"*tS/$"***\-
F892E7	")tS/$"***\-
F892E8	"(tS/$"***\-
F892E9	"'tS/$"***\-
F892EA	"&tS/$"***\-
F892EB	"%tS/$"***\-
F892EC	"$tS/$"***\-
F892ED	"#tS/$"***\-
F892EE	"Rw]. "***\-
F892EF	"!tS/$"***\-
F892F0	" tS/$"***\-
F892F1	"Ow]. "***\-
F892F2	"Nw]. "***\-
F892F3	"Mw]. "***\-
F892F4	"Lw]. "***\-
F892F5	"Kw]. "***\-
F892F6	"Jw]. "***\-
F892F7	"nY4 "***9-
F892F8	"nY4 "***8-
F892F9	"nY4 "***7-
F892FA	"nY4 "***6-
F892FB	"sE~/)"*+**
F892FC	"nY4 "***4-
F892FD	"nY4 "***3-
F892FE	"nY4 "***2-
F892FF	"nY4 "***1-
F89300	"nY4 "***
F89301	"nY4 "***1+
F89302	"nY4 "***2+
F89303	"nY4 "***3+
F89304	"nY4 "***4+
F89305	"nY4 "***5+
F89306	"nY4 "***6+
F89307	"nY4 "***7+
F89308	"nY4 "***8+
F89309	"nY4 "***9+
F8930A	"tS/$"***6-
F8930B	"tS/$"***5-
F8930C	"tS/$"***4-
F8930D	"tS/$"***3-
F8930E	"tS/$"***2-
F8930F	"tS/$"***1-
F89310	"tS/$"***
F89311	"tS/$"***1+
F89312	"tS/$"***2+
F89313	"tS/$"***3+
F89314	"tS/$"***4+
F89315	"tS/$"***5+
F89316	"tS/$"***6+
F89317	"tS/$"***7+
F89318	"tS/$"***8+
F89319	"tS/$"***9+
F8931A	"&w]. "***\-
F8931B	"%w]. "***\-
F8931C	"$w]. "***\-
F8931D	"#w]. "***\-
F8931E	"UO~2."*+**
F8931F	"!w]. "***\-
F89320	" w]. "***\-
F89321	"!nY4 "***+
F89322	"lmE9&"***+
F89323	"#nY4 "***+
F89324	"$nY4 "***+
F89325	"%nY4 "***+
F89326	"&nY4 "***+
F89327	"'nY4 "***+
F89328	"(nY4 "***+
F89329	")nY4 "***+
F8932A	"*nY4 "***+
F8932B	"+nY4 "***+
F8932C	",nY4 "***+
F8932D	"-nY4 "***+
F8932E	".nY4 "***+
F8932F	"/nY4 "***+
F89330	" tS/$"***+
F89331	"!tS/$"***+
F89332	"2nY4 "***+
F89333	"#tS/$"***+
F89334	"$tS/$"***+
F89335	"%tS/$"***+
F89336	"&tS/$"***+
F89337	"w]. "***9-
F89338	"w]. "***8-
F89339	"w]. "***7-
F8933A	"w]. "***6-
F8933B	"w]. "***5-
F8933C	"w]. "***4-
F8933D	"w]. "***3-
F8933E	"w]. "***2-
F8933F	"w]. "***1-
F89340	"w]. "***
F89341	"w]. "***1+
F89342	"w]. "***2+
F89343	"w]. "***3+
F89344	"w]. "***4+
F89345	"w]. "***5+
F89346	"w]. "***6+
F89347	"w]. "***7+
F89348	"~>,"*+:*2*
F89349	"w]. "***9+
F8934A	"tkW2#"***\-
F8934B	"skW2#"***\-
F8934C	"rkW2#"***\-
F8934D	"qkW2#"***\-
F8934E	"pkW2#"***\-
F8934F	"okW2#"***\-
F89350	"nkW2#"***\-
F89351	"mkW2#"***\-
F89352	"lkW2#"***\-
F89353	"kkW2#"***\-
F89354	"jkW2#"***\-
F89355	"ikW2#"***\-
F89356	"hkW2#"***\-
F89357	"gkW2#"***\-
F89358	"fkW2#"***\-
F89359	"ekW2#"***\-
F8935A	"dkW2#"***\-
F8935B	"ckW2#"***\-
F8935C	"bkW2#"***\-
F8935D	"akW2#"***\-
F8935E	"`kW2#"***\-
F8935F	"_kW2#"***\-
F89360	"^kW2#"***\-
F89361	"]kW2#"***\-
F89362	"\kW2#"***\-
F89363	"[kW2#"***\-
F89364	"ZkW2#"***\-
F89365	"YkW2#"***\-
F89366	"XkW2#"***\-
F89367	"WkW2#"***\-
F89368	"VkW2#"***\-
F89369	"UkW2#"***\-
F8936A	"TkW2#"***\-
F8936B	"SkW2#"***\-
F8936C	"RkW2#"***\-
F8936D	"QkW2#"***\-
F8936E	"PkW2#"***\-
F8936F	"OkW2#"***\-
F89370	"NkW2#"***\-
F89371	"MkW2#"***\-
F89372	"LkW2#"***\-
F89373	"KkW2#"***\-
F89374	"L~_7)"**+*
F89375	"IkW2#"***\-
F89376	"HkW2#"***\-
F89377	"GkW2#"***\-
F89378	"FkW2#"***\-
F89379	"EkW2#"***\-
F8937A	"DkW2#"***\-
F8937B	"CkW2#"***\-
F8937C	"BkW2#"***\-
F8937D	"AkW2#"***\-
F8937E	"@kW2#"***\-
F8937F	"?kW2#"***\-
F89380	">kW2#"***\-
F89381	"=kW2#"***\-
F89382	"<kW2#"***\-
F89383	";kW2#"***\-
F89384	":kW2#"***\-
F89385	"9kW2#"***\-
F89386	"8kW2#"***\-
F89387	"7kW2#"***\-
F89388	"6kW2#"***\-
F89389	"5kW2#"***\-
F8938A	"4kW2#"***\-
F8938B	"3kW2#"***\-
F8938C	"2kW2#"***\-
F8938D	"1kW2#"***\-
F8938E	"0kW2#"***\-
F8938F	"/kW2#"***\-
F89390	".kW2#"***\-
F89391	"-kW2#"***\-
F89392	",kW2#"***\-
F89393	"+kW2#"***\-
F89394	"*kW2#"***\-
F89395	")kW2#"***\-
F89396	"(kW2#"***\-
F89397	"'kW2#"***\-
F89398	"&kW2#"***\-
F89399	"%kW2#"***\-
F8939A	"$kW2#"***\-
F8939B	"#kW2#"***\-
F8939C	"Es;11"***\-
F8939D	"!kW2#"***\-
F8939E	" kW2#"***\-
F8939F	"Bs;11"***\-
F893A0	"As;11"***\-
F893A1	"@s;11"***\-
F893A2	"?s;11"***\-
F893A3	">s;11"***\-
F893A4	"=s;11"***\-
F893A5	"<s;11"***\-
F893A6	";s;11"***\-
F893A7	":s;11"***\-
F893A8	"9s;11"***\-
F893A9	"8s;11"***\-
F893AA	"7s;11"***\-
F893AB	"6s;11"***\-
F893AC	"5s;11"***\-
F893AD	"4s;11"***\-
F893AE	"3s;11"***\-
F893AF	"2s;11"***\-
F893B0	"pM~+)"*+**
F893B1	"0s;11"***\-
F893B2	"/s;11"***\-
F893B3	".s;11"***\-
F893B4	"-s;11"***\-
F893B5	"kW2#"***9-
F893B6	"kW2#"***8-
F893B7	"kW2#"***7-
F893B8	"kW2#"***6-
F893B9	"kW2#"***5-
F893BA	"kW2#"***4-
F893BB	"kW2#"***3-
F893BC	"kW2#"***2-
F893BD	"kW2#"***1-
F893BE	"kW2#"***
F893BF	"kW2#"***1+
F893C0	"L~j/+"**+*
F893C1	"kW2#"***3+
F893C2	"kW2#"***4+
F893C3	"kW2#"***5+
F893C4	"kW2#"***6+
F893C5	"kW2#"***7+
F893C6	"kW2#"***8+
F893C7	"kW2#"***9+
F893C8	"0tG.+"***\-
F893C9	"/tG.+"***\-
F893CA	".tG.+"***\-
F893CB	"-tG.+"***\-
F893CC	",tG.+"***\-
F893CD	"+tG.+"***\-
F893CE	"*tG.+"***\-
F893CF	")tG.+"***\-
F893D0	"(tG.+"***\-
F893D1	"'tG.+"***\-
F893D2	"&tG.+"***\-
F893D3	"%tG.+"***\-
F893D4	"$tG.+"***\-
F893D5	"#tG.+"***\-
F893D6	"n~v&!"**+*6-
F893D7	"!tG.+"***\-
F893D8	"s;11"***9-
F893D9	"s;11"***8-
F893DA	"s;11"***7-
F893DB	"s;11"***6-
F893DC	"n~v&!"**+*
F893DD	"s;11"***4-
F893DE	"s;11"***3-
F893DF	"s;11"***2-
F893E0	"s;11"***1-
F893E1	"s;11"***
F893E2	"s;11"***1+
F893E3	"s;11"***2+
F893E4	"s;11"***3+
F893E5	"s;11"***4+
F893E6	"s;11"***5+
F893E7	"s;11"***6+
F893E8	"s;11"***7+
F893E9	"s;11"***8+
F893EA	"s;11"***9+
F893EB	"-kW2#"***+
F893EC	".kW2#"***+
F893ED	"/kW2#"***+
F893EE	"0kW2#"***+
F893EF	"tG.+"***9-
F893F0	"tG.+"***8-
F893F1	"tG.+"***7-
F893F2	"tG.+"***6-
F893F3	"tG.+"***5-
F893F4	"tG.+"***4-
F893F5	"tG.+"***3-
F893F6	"tG.+"***2-
F893F7	"tG.+"***1-
F893F8	"tG.+"***
F893F9	"tG.+"***1+
F893FA	"tG.+"***2+
F893FB	"tG.+"***3+
F893FC	"tG.+"***4+
F893FD	"mM~7!"*+**
F893FE	"tG.+"***6+
F893FF	"tG.+"***7+
F89400	"tG.+"***8+
F89401	"tG.+"***9+
F89402	"!s;11"***+
F89403	"EkW2#"***+
F89404	"#s;11"***+
F89405	"$s;11"***+
F89406	"%s;11"***+
F89407	"&s;11"***+
F89408	"'s;11"***+
F89409	"SK~5/"*+**
F8940A	")s;11"***+
F8940B	"*s;11"***+
F8940C	"+s;11"***+
F8940D	",s;11"***+
F8940E	"-s;11"***+
F8940F	".s;11"***+
F89410	"/s;11"***+
F89411	"0s;11"***+
F89412	"1s;11"***+
F89413	"2s;11"***+
F89414	"3s;11"***+
F89415	"4s;11"***+
F89416	"5s;11"***+
F89417	"6s;11"***+
F89418	" tG.+"***+
F89419	"!tG.+"***+
F8941A	"9s;11"***+
F8941B	"#tG.+"***+
F8941C	"$tG.+"***+
F8941D	"%tG.+"***+
F8941E	"&tG.+"***+
F8941F	"'tG.+"***+
F89420	"(tG.+"***+
F89421	")tG.+"***+
F89422	"*tG.+"***+
F89423	"+tG.+"***+
F89424	",tG.+"***+
F89425	"-tG.+"***+
F89426	".tG.+"***+
F89427	"~w?5)"***\-
F89428	"}w?5)"***\-
F89429	"|w?5)"***\-
F8942A	"{w?5)"***\-
F8942B	"zw?5)"***\-
F8942C	"yw?5)"***\-
F8942D	"xw?5)"***\-
F8942E	"ww?5)"***\-
F8942F	"vw?5)"***\-
F89430	"uw?5)"***\-
F89431	"tw?5)"***\-
F89432	"sw?5)"***\-
F89433	"rw?5)"***\-
F89434	"qw?5)"***\-
F89435	"pw?5)"***\-
F89436	"ow?5)"***\-
F89437	"nw?5)"***\-
F89438	"mw?5)"***\-
F89439	"lw?5)"***\-
F8943A	"kw?5)"***\-
F8943B	"jw?5)"***\-
F8943C	"iw?5)"***\-
F8943D	"hw?5)"***\-
F8943E	"gw?5)"***\-
F8943F	"fw?5)"***\-
F89440	"ew?5)"***\-
F89441	"dw?5)"***\-
F89442	"cw?5)"***\-
F89443	"bw?5)"***\-
F89444	"aw?5)"***\-
F89445	"`w?5)"***\-
F89446	"_w?5)"***\-
F89447	"^w?5)"***\-
F89448	"]w?5)"***\-
F89449	"\w?5)"***\-
F8944A	"[w?5)"***\-
F8944B	"Zw?5)"***\-
F8944C	"Yw?5)"***\-
F8944D	"Xw?5)"***\-
F8944E	"Ww?5)"***\-
F8944F	"Vw?5)"***\-
F89450	"Uw?5)"***\-
F89451	"Tw?5)"***\-
F89452	"Sw?5)"***\-
F89453	"Rw?5)"***\-
F89454	"Qw?5)"***\-
F89455	"Pw?5)"***\-
F89456	"Ow?5)"***\-
F89457	"Nw?5)"***\-
F89458	"zL~}"+**7*
F89459	"Lw?5)"***\-
F8945A	"Kw?5)"***\-
F8945B	"Jw?5)"***\-
F8945C	"Iw?5)"***\-
F8945D	"Hw?5)"***\-
F8945E	"Gw?5)"***\-
F8945F	"Fw?5)"***\-
F89460	"Ew?5)"***\-
F89461	"Dw?5)"***\-
F89462	"Cw?5)"***\-
F89463	"Bw?5)"***\-
F89464	"Aw?5)"***\-
F89465	"@w?5)"***\-
F89466	"?w?5)"***\-
F89467	">w?5)"***\-
F89468	"=w?5)"***\-
F89469	"<w?5)"***\-
F8946A	";w?5)"***\-
F8946B	":w?5)"***\-
F8946C	"9w?5)"***\-
F8946D	"8w?5)"***\-
F8946E	"7w?5)"***\-
F8946F	"6w?5)"***\-
F89470	"5w?5)"***\-
F89471	"4w?5)"***\-
F89472	"3w?5)"***\-
F89473	"2w?5)"***\-
F89474	"1w?5)"***\-
F89475	"0w?5)"***\-
F89476	"/w?5)"***\-
F89477	".w?5)"***\-
F89478	"-w?5)"***\-
F89479	",w?5)"***\-
F8947A	"+w?5)"***\-
F8947B	"*w?5)"***\-
F8947C	")w?5)"***\-
F8947D	"(w?5)"***\-
F8947E	"'w?5)"***\-
F8947F	"&w?5)"***\-
F89480	"%w?5)"***\-
F89481	"$w?5)"***\-
F89482	".~wU#"**+*
F89483	".~wU#"**+*1+
F89484	"!w?5)"***\-
F89485	" w?5)"***\-
F89486	"GA~\%"*+**
F89487	"~SK~5/"*+**+
F89488	"^J~~7&"*++**
F89489	".~wU#"**+*7+
F8948A	"~vA;$"***\-
F8948B	"}vA;$"***\-
F8948C	"|vA;$"***\-
F8948D	"{vA;$"***\-
F8948E	"zvA;$"***\-
F8948F	"yvA;$"***\-
F89490	"xvA;$"***\-
F89491	"wvA;$"***\-
F89492	"vvA;$"***\-
F89493	"uQ~A"+**9*
F89494	"tvA;$"***\-
F89495	"svA;$"***\-
F89496	"rvA;$"***\-
F89497	"qvA;$"***\-
F89498	"pvA;$"***\-
F89499	"ovA;$"***\-
F8949A	"nvA;$"***\-
F8949B	"mvA;$"***\-
F8949C	"w?5)"***9-
F8949D	"w?5)"***8-
F8949E	"w?5)"***7-
F8949F	"w?5)"***6-
F894A0	"w?5)"***5-
F894A1	"w?5)"***4-
F894A2	"w?5)"***3-
F894A3	"w?5)"***2-
F894A4	"w?5)"***1-
F894A5	"w?5)"***
F894A6	"w?5)"***1+
F894A7	"w?5)"***2+
F894A8	"w?5)"***3+
F894A9	"w?5)"***4+
F894AA	"w?5)"***5+
F894AB	"w?5)"***6+
F894AC	"w?5)"***7+
F894AD	"w?5)"***8+
F894AE	"w?5)"***9+
F894AF	"YvA;$"***\-
F894B0	"XvA;$"***\-
F894B1	"WvA;$"***\-
F894B2	"VvA;$"***\-
F894B3	"UvA;$"***\-
F894B4	"TvA;$"***\-
F894B5	"SvA;$"***\-
F894B6	"RvA;$"***\-
F894B7	"QvA;$"***\-
F894B8	"PvA;$"***\-
F894B9	"OvA;$"***\-
F894BA	"NvA;$"***\-
F894BB	"MvA;$"***\-
F894BC	"LvA;$"***\-
F894BD	"KvA;$"***\-
F894BE	"JvA;$"***\-
F894BF	"IvA;$"***\-
F894C0	"HvA;$"***\-
F894C1	"GvA;$"***\-
F894C2	"FvA;$"***\-
F894C3	"EvA;$"***\-
F894C4	"DvA;$"***\-
F894C5	"CvA;$"***\-
F894C6	"BvA;$"***\-
F894C7	"AvA;$"***\-
F894C8	"@vA;$"***\-
F894C9	"?vA;$"***\-
F894CA	">vA;$"***\-
F894CB	"=vA;$"***\-
F894CC	"<vA;$"***\-
F894CD	"G;~G5"*+**
F894CE	":vA;$"***\-
F894CF	"9vA;$"***\-
F894D0	"8vA;$"***\-
F894D1	"7vA;$"***\-
F894D2	"6vA;$"***\-
F894D3	"5vA;$"***\-
F894D4	"4vA;$"***\-
F894D5	"3vA;$"***\-
F894D6	"2vA;$"***\-
F894D7	"1vA;$"***\-
F894D8	"0vA;$"***\-
F894D9	"/vA;$"***\-
F894DA	".vA;$"***\-
F894DB	"-vA;$"***\-
F894DC	",vA;$"***\-
F894DD	"+vA;$"***\-
F894DE	"*vA;$"***\-
F894DF	")vA;$"***\-
F894E0	"(vA;$"***\-
F894E1	"'vA;$"***\-
F894E2	"&vA;$"***\-
F894E3	"%vA;$"***\-
F894E4	"$vA;$"***\-
F894E5	"#vA;$"***\-
F894E6	"6UJJ#"***\-
F894E7	"!vA;$"***\-
F894E8	" vA;$"***\-
F894E9	"3UJJ#"***\-
F894EA	"KC~R&"*+**
F894EB	"1UJJ#"***\-
F894EC	"0UJJ#"***\-
F894ED	"/UJJ#"***\-
F894EE	".UJJ#"***\-
F894EF	"-UJJ#"***\-
F894F0	",UJJ#"***\-
F894F1	"+UJJ#"***\-
F894F2	"*UJJ#"***\-
F894F3	")UJJ#"***\-
F894F4	"(UJJ#"***\-
F894F5	"'UJJ#"***\-
F894F6	"&UJJ#"***\-
F894F7	"%UJJ#"***\-
F894F8	"$UJJ#"***\-
F894F9	"#UJJ#"***\-
F894FA	"Jm<5/"***\-
F894FB	"!UJJ#"***\-
F894FC	" UJJ#"***\-
F894FD	"Gm<5/"***\-
F894FE	"Fm<5/"***\-
F894FF	"x;;'"***9-
F89500	"x;;'"***8-
F89501	"x;;'"***7-
F89502	"x;;'"***6-
F89503	"x;;'"***5-
F89504	"x;;'"***4-
F89505	"x;;'"***3-
F89506	"x;;'"***2-
F89507	"x;;'"***1-
F89508	"x;;'"***
F89509	"x;;'"***1+
F8950A	"x;;'"***2+
F8950B	"x;;'"***3+
F8950C	"x;;'"***4+
F8950D	"x;;'"***5+
F8950E	"x;;'"***6+
F8950F	"x;;'"***7+
F89510	"X~}(%"**+*
F89511	"x;;'"***9+
F89512	"2m<5/"***\-
F89513	"wd%%"***9-
F89514	"wd%%"***8-
F89515	"wd%%"***7-
F89516	"wd%%"***6-
F89517	"wd%%"***5-
F89518	"wd%%"***4-
F89519	"wd%%"***3-
F8951A	"ge~($"*+**
F8951B	"wd%%"***1-
F8951C	"wd%%"***
F8951D	"wd%%"***1+
F8951E	"wd%%"***2+
F8951F	"wd%%"***3+
F89520	"wd%%"***4+
F89521	"wd%%"***5+
F89522	"wd%%"***6+
F89523	"wd%%"***7+
F89524	"wd%%"***8+
F89525	"wd%%"***9+
F89526	"wd%%"***1+9+
F89527	"wd%%"***2+9+
F89528	" vA;$"***+
F89529	"!vA;$"***+
F8952A	"wd%%"***5+9+
F8952B	"#vA;$"***+
F8952C	"$vA;$"***+
F8952D	"%vA;$"***+
F8952E	"I~U@)"**+*
F8952F	"'vA;$"***+
F89530	"(vA;$"***+
F89531	")vA;$"***+
F89532	"*vA;$"***+
F89533	"+vA;$"***+
F89534	",vA;$"***+
F89535	"-vA;$"***+
F89536	".vA;$"***+
F89537	"/vA;$"***+
F89538	"0vA;$"***+
F89539	"1vA;$"***+
F8953A	"2vA;$"***+
F8953B	"m<5/"***9-
F8953C	"m<5/"***8-
F8953D	"m<5/"***7-
F8953E	"m<5/"***6-
F8953F	"m<5/"***5-
F89540	"m<5/"***4-
F89541	"m<5/"***3-
F89542	"m<5/"***2-
F89543	"m<5/"***1-
F89544	"m<5/"***
F89545	"m<5/"***1+
F89546	"m<5/"***2+
F89547	"m<5/"***3+
F89548	"m<5/"***4+
F89549	"m<5/"***5+
F8954A	"m<5/"***6+
F8954B	"m<5/"***7+
F8954C	"m<5/"***8+
F8954D	"m<5/"***9+
F8954E	"a2~=5"*+**
F8954F	"|][7#"***\-
F89550	"lV~,%"*+**
F89551	"z][7#"***\-
F89552	"y][7#"***\-
F89553	"x][7#"***\-
F89554	"w][7#"***\-
F89555	"v][7#"***\-
F89556	"u][7#"***\-
F89557	"t][7#"***\-
F89558	"s][7#"***\-
F89559	"r][7#"***\-
F8955A	"q][7#"***\-
F8955B	"p][7#"***\-
F8955C	"o][7#"***\-
F8955D	"n][7#"***\-
F8955E	"m][7#"***\-
F8955F	"l][7#"***\-
F89560	"k][7#"***\-
F89561	"j][7#"***\-
F89562	"i][7#"***\-
F89563	"h][7#"***\-
F89564	"g][7#"***\-
F89565	"f][7#"***\-
F89566	"e][7#"***\-
F89567	"d][7#"***\-
F89568	"c][7#"***\-
F89569	"b][7#"***\-
F8956A	"a][7#"***\-
F8956B	"`][7#"***\-
F8956C	"_][7#"***\-
F8956D	"^][7#"***\-
F8956E	"]][7#"***\-
F8956F	"\][7#"***\-
F89570	"[][7#"***\-
F89571	"Z][7#"***\-
F89572	"Y][7#"***\-
F89573	"X][7#"***\-
F89574	"W][7#"***\-
F89575	"V][7#"***\-
F89576	"U][7#"***\-
F89577	"I~[9+"**+*
F89578	"S][7#"***\-
F89579	"R][7#"***\-
F8957A	"Q][7#"***\-
F8957B	"P][7#"***\-
F8957C	"O][7#"***\-
F8957D	"N][7#"***\-
F8957E	"yv~%"+**7*
F8957F	"L][7#"***\-
F89580	"K][7#"***\-
F89581	"J][7#"***\-
F89582	"I][7#"***\-
F89583	"H][7#"***\-
F89584	"G][7#"***\-
F89585	"F][7#"***\-
F89586	"E][7#"***\-
F89587	"D][7#"***\-
F89588	"C][7#"***\-
F89589	"B][7#"***\-
F8958A	"A][7#"***\-
F8958B	"@][7#"***\-
F8958C	"?][7#"***\-
F8958D	">][7#"***\-
F8958E	"=][7#"***\-
F8958F	"<][7#"***\-
F89590	";][7#"***\-
F89591	":][7#"***\-
F89592	"9][7#"***\-
F89593	"8][7#"***\-
F89594	"7][7#"***\-
F89595	"6][7#"***\-
F89596	"5][7#"***\-
F89597	"4][7#"***\-
F89598	"3][7#"***\-
F89599	"2][7#"***\-
F8959A	"1][7#"***\-
F8959B	"0][7#"***\-
F8959C	"/][7#"***\-
F8959D	".][7#"***\-
F8959E	"-][7#"***\-
F8959F	",][7#"***\-
F895A0	"+][7#"***\-
F895A1	"*][7#"***\-
F895A2	")][7#"***\-
F895A3	"(][7#"***\-
F895A4	"'][7#"***\-
F895A5	"&][7#"***\-
F895A6	"%][7#"***\-
F895A7	"$][7#"***\-
F895A8	"#][7#"***\-
F895A9	"em<5/"***+
F895AA	"!][7#"***\-
F895AB	" ][7#"***\-
F895AC	"hm<5/"***+
F895AD	"im<5/"***+
F895AE	"jm<5/"***+
F895AF	"km<5/"***+
F895B0	"lm<5/"***+
F895B1	"~};//"***\-
F895B2	"}};//"***\-
F895B3	"|};//"***\-
F895B4	"{};//"***\-
F895B5	"z};//"***\-
F895B6	"y};//"***\-
F895B7	"x};//"***\-
F895B8	"w};//"***\-
F895B9	"v};//"***\-
F895BA	"u};//"***\-
F895BB	"t};//"***\-
F895BC	"s};//"***\-
F895BD	"r};//"***\-
F895BE	"q};//"***\-
F895BF	"p};//"***\-
F895C0	"o};//"***\-
F895C1	"n};//"***\-
F895C2	"][7#"***9-
F895C3	"][7#"***8-
F895C4	"][7#"***7-
F895C5	"][7#"***6-
F895C6	"][7#"***5-
F895C7	"][7#"***4-
F895C8	"tY~,!"*+**
F895C9	"][7#"***2-
F895CA	"][7#"***1-
F895CB	"][7#"***
F895CC	"][7#"***1+
F895CD	"][7#"***2+
F895CE	"][7#"***3+
F895CF	"][7#"***4+
F895D0	"][7#"***5+
F895D1	"/+~sE"*+**
F895D2	"][7#"***7+
F895D3	"][7#"***8+
F895D4	"][7#"***9+
F895D5	"Z};//"***\-
F895D6	"Y};//"***\-
F895D7	"X};//"***\-
F895D8	"W};//"***\-
F895D9	"V};//"***\-
F895DA	"U};//"***\-
F895DB	"T};//"***\-
F895DC	"S};//"***\-
F895DD	"R};//"***\-
F895DE	"Q};//"***\-
F895DF	"P};//"***\-
F895E0	"O};//"***\-
F895E1	"N};//"***\-
F895E2	"M};//"***\-
F895E3	"5~IE="**+*
F895E4	"K};//"***\-
F895E5	"J};//"***\-
F895E6	"I};//"***\-
F895E7	"H};//"***\-
F895E8	"gD~7("*+**
F895E9	"F};//"***\-
F895EA	"E};//"***\-
F895EB	"D};//"***\-
F895EC	"C};//"***\-
F895ED	"B};//"***\-
F895EE	"A};//"***\-
F895EF	"@};//"***\-
F895F0	"?};//"***\-
F895F1	">};//"***\-
F895F2	"uE~,+"*+**
F895F3	"<};//"***\-
F895F4	";};//"***\-
F895F5	":};//"***\-
F895F6	"9};//"***\-
F895F7	"8};//"***\-
F895F8	"7};//"***\-
F895F9	"6};//"***\-
F895FA	"5};//"***\-
F895FB	"qS~C"+**9*
F895FC	"3};//"***\-
F895FD	"2};//"***\-
F895FE	"1};//"***\-
F895FF	"0};//"***\-
F89600	"/};//"***\-
F89601	".};//"***\-
F89602	"-};//"***\-
F89603	",};//"***\-
F89604	"+};//"***\-
F89605	"*};//"***\-
F89606	")};//"***\-
F89607	"(};//"***\-
F89608	"'};//"***\-
F89609	"&};//"***\-
F8960A	"%};//"***\-
F8960B	"$};//"***\-
F8960C	"A~^A)"**+*
F8960D	"3zk' "***\-
F8960E	"!};//"***\-
F8960F	" };//"***\-
F89610	"0zk' "***\-
F89611	"/zk' "***\-
F89612	".zk' "***\-
F89613	"-zk' "***\-
F89614	",zk' "***\-
F89615	"+zk' "***\-
F89616	"{K~)("*+**
F89617	")zk' "***\-
F89618	"(zk' "***\-
F89619	"'zk' "***\-
F8961A	"&zk' "***\-
F8961B	"%zk' "***\-
F8961C	"$zk' "***\-
F8961D	"#zk' "***\-
F8961E	"Ryf(!"***\-
F8961F	"oW~s"+**7*
F89620	"sL~k"+**8*
F89621	"Oyf(!"***\-
F89622	"Nyf(!"***\-
F89623	"Myf(!"***\-
F89624	"Lyf(!"***\-
F89625	"Kyf(!"***\-
F89626	"};//"***9-
F89627	"};//"***8-
F89628	"};//"***7-
F89629	"};//"***6-
F8962A	"};//"***5-
F8962B	"};//"***4-
F8962C	"};//"***3-
F8962D	"};//"***2-
F8962E	"};//"***1-
F8962F	"};//"***
F89630	"};//"***1+
F89631	"};//"***2+
F89632	"};//"***3+
F89633	"};//"***4+
F89634	"};//"***5+
F89635	"};//"***6+
F89636	"};//"***7+
F89637	"};//"***8+
F89638	"};//"***9+
F89639	"zk '"***7-
F8963A	"zk '"***6-
F8963B	"zk '"***5-
F8963C	"zk '"***4-
F8963D	"zk '"***3-
F8963E	"zk '"***2-
F8963F	"zk '"***1-
F89640	"zk '"***
F89641	"zk '"***1+
F89642	"zk '"***2+
F89643	"zk '"***3+
F89644	"zk '"***4+
F89645	"zk '"***5+
F89646	"zk '"***6+
F89647	"zk '"***7+
F89648	"zk '"***8+
F89649	"zk '"***9+
F8964A	"&yf(!"***\-
F8964B	"%yf(!"***\-
F8964C	"$yf(!"***\-
F8964D	"#yf(!"***\-
F8964E	"S.~e)"*+**
F8964F	"!yf(!"***\-
F89650	" yf(!"***\-
F89651	"zk '"***8+9+
F89652	"#};//"***+
F89653	"$};//"***+
F89654	"%};//"***+
F89655	"~cY++"***\-
F89656	"}cY++"***\-
F89657	"|cY++"***\-
F89658	"{cY++"***\-
F89659	"zcY++"***\-
F8965A	"ycY++"***\-
F8965B	"xcY++"***\-
F8965C	"wcY++"***\-
F8965D	"vcY++"***\-
F8965E	"~/~K#"*+**
F8965F	"tcY++"***\-
F89660	"scY++"***\-
F89661	"rcY++"***\-
F89662	"qcY++"***\-
F89663	"pcY++"***\-
F89664	"ocY++"***\-
F89665	"ncY++"***\-
F89666	"mcY++"***\-
F89667	"yf(!"***9-
F89668	"yf(!"***8-
F89669	"yf(!"***7-
F8966A	"yf(!"***6-
F8966B	"yf(!"***5-
F8966C	"yf(!"***4-
F8966D	"yf(!"***3-
F8966E	"yf(!"***2-
F8966F	"yf(!"***1-
F89670	"yf(!"***
F89671	"yf(!"***1+
F89672	"yf(!"***2+
F89673	"yf(!"***3+
F89674	"yf(!"***4+
F89675	"yf(!"***5+
F89676	"yf(!"***6+
F89677	"yf(!"***7+
F89678	"yf(!"***8+
F89679	"yf(!"***9+
F8967A	"YcY++"***\-
F8967B	"XcY++"***\-
F8967C	"WcY++"***\-
F8967D	"VcY++"***\-
F8967E	"UcY++"***\-
F8967F	"TcY++"***\-
F89680	"ScY++"***\-
F89681	"RcY++"***\-
F89682	"QcY++"***\-
F89683	"PcY++"***\-
F89684	"OcY++"***\-
F89685	"NcY++"***\-
F89686	"McY++"***\-
F89687	"LcY++"***\-
F89688	"KcY++"***\-
F89689	"JcY++"***\-
F8968A	"IcY++"***\-
F8968B	"HcY++"***\-
F8968C	"GcY++"***\-
F8968D	"FcY++"***\-
F8968E	"oA~4)"*+**
F8968F	"DcY++"***\-
F89690	"CcY++"***\-
F89691	"BcY++"***\-
F89692	"AcY++"***\-
F89693	"@cY++"***\-
F89694	"?cY++"***\-
F89695	">cY++"***\-
F89696	"=cY++"***\-
F89697	"<cY++"***\-
F89698	";cY++"***\-
F89699	":cY++"***\-
F8969A	"9cY++"***\-
F8969B	"8cY++"***\-
F8969C	"7cY++"***\-
F8969D	"6cY++"***\-
F8969E	"5cY++"***\-
F8969F	"4cY++"***\-
F896A0	"3cY++"***\-
F896A1	"2cY++"***\-
F896A2	"1cY++"***\-
F896A3	"0cY++"***\-
F896A4	"/cY++"***\-
F896A5	".cY++"***\-
F896A6	"-cY++"***\-
F896A7	",cY++"***\-
F896A8	"+cY++"***\-
F896A9	"*cY++"***\-
F896AA	")cY++"***\-
F896AB	"(cY++"***\-
F896AC	"'cY++"***\-
F896AD	"~};//"***+
F896AE	"%cY++"***\-
F896AF	"$cY++"***\-
F896B0	"#cY++"***\-
F896B1	"Ayf(!"***+
F896B2	"!cY++"***\-
F896B3	" cY++"***\-
F896B4	"Dyf(!"***+
F896B5	"Eyf(!"***+
F896B6	"Fyf(!"***+
F896B7	"Gyf(!"***+
F896B8	"Hyf(!"***+
F896B9	"Iyf(!"***+
F896BA	"Jyf(!"***+
F896BB	"Kyf(!"***+
F896BC	"Lyf(!"***+
F896BD	"Myf(!"***+
F896BE	"Nyf(!"***+
F896BF	"Oyf(!"***+
F896C0	"pF~ ="*+**
F896C1	"Qyf(!"***+
F896C2	"Ryf(!"***+
F896C3	"Syf(!"***+
F896C4	"Tyf(!"***+
F896C5	"Uyf(!"***+
F896C6	"Vyf(!"***+
F896C7	"Wyf(!"***+
F896C8	"Xyf(!"***+
F896C9	"Yyf(!"***+
F896CA	"cY++"***9-
F896CB	"cY++"***8-
F896CC	"cY++"***7-
F896CD	"cY++"***6-
F896CE	"cY++"***5-
F896CF	"cY++"***4-
F896D0	"cY++"***3-
F896D1	"cY++"***2-
F896D2	"aO~2("*+**
F896D3	"cY++"***
F896D4	"cY++"***1+
F896D5	"cY++"***2+
F896D6	"cY++"***3+
F896D7	"cY++"***4+
F896D8	"cY++"***5+
F896D9	"cY++"***6+
F896DA	"cY++"***7+
F896DB	"cY++"***8+
F896DC	"cY++"***9+
F896DD	"myf(!"***+
F896DE	"nyf(!"***+
F896DF	"oyf(!"***+
F896E0	"pyf(!"***+
F896E1	"qyf(!"***+
F896E2	"ryf(!"***+
F896E3	")#~mg"*+**
F896E4	"tyf(!"***+
F896E5	"uyf(!"***+
F896E6	"vyf(!"***+
F896E7	"wyf(!"***+
F896E8	"xyf(!"***+
F896E9	"yyf(!"***+
F896EA	"zyf(!"***+
F896EB	"{yf(!"***+
F896EC	"|yf(!"***+
F896ED	"}yf(!"***+
F896EE	"~yf(!"***+
F896EF	"SB~ Y"*+**5-
F896F0	"SB~ Y"*+**4-
F896F1	"SB~ Y"*+**3-
F896F2	"SB~ Y"*+**2-
F896F3	" cY++"***+
F896F4	"SB~ Y"*+**
F896F5	"SB~ Y"*+**1+
F896F6	"#cY++"***+
F896F7	"$cY++"***+
F896F8	"wm} "+**8*
F896F9	"&cY++"***+
F896FA	"~he/!"***\-
F896FB	"}he/!"***\-
F896FC	"|he/!"***\-
F896FD	"{he/!"***\-
F896FE	"zhe/!"***\-
F896FF	"yhe/!"***\-
F89700	"xhe/!"***\-
F89701	"whe/!"***\-
F89702	"vhe/!"***\-
F89703	"uhe/!"***\-
F89704	"the/!"***\-
F89705	"she/!"***\-
F89706	"rhe/!"***\-
F89707	"qhe/!"***\-
F89708	"phe/!"***\-
F89709	"ohe/!"***\-
F8970A	"nhe/!"***\-
F8970B	"mhe/!"***\-
F8970C	"lhe/!"***\-
F8970D	"khe/!"***\-
F8970E	"jhe/!"***\-
F8970F	"ihe/!"***\-
F89710	"hhe/!"***\-
F89711	"ghe/!"***\-
F89712	"fhe/!"***\-
F89713	"ehe/!"***\-
F89714	"dhe/!"***\-
F89715	"che/!"***\-
F89716	"bhe/!"***\-
F89717	"ahe/!"***\-
F89718	"`he/!"***\-
F89719	"_he/!"***\-
F8971A	"^he/!"***\-
F8971B	"Q;~C1"*+**
F8971C	"\he/!"***\-
F8971D	"[he/!"***\-
F8971E	"Zhe/!"***\-
F8971F	"Yhe/!"***\-
F89720	"Xhe/!"***\-
F89721	"Whe/!"***\-
F89722	"Vhe/!"***\-
F89723	"Uhe/!"***\-
F89724	"The/!"***\-
F89725	"She/!"***\-
F89726	"Rhe/!"***\-
F89727	"Qhe/!"***\-
F89728	"Phe/!"***\-
F89729	"}+~S#"*+**
F8972A	"Nhe/!"***\-
F8972B	"Mhe/!"***\-
F8972C	"Lhe/!"***\-
F8972D	"Khe/!"***\-
F8972E	"Jhe/!"***\-
F8972F	"Ihe/!"***\-
F89730	"Hhe/!"***\-
F89731	"Ghe/!"***\-
F89732	"Fhe/!"***\-
F89733	"Ehe/!"***\-
F89734	"Dhe/!"***\-
F89735	"Che/!"***\-
F89736	"Bhe/!"***\-
F89737	"Ahe/!"***\-
F89738	"@he/!"***\-
F89739	"?he/!"***\-
F8973A	">he/!"***\-
F8973B	"=he/!"***\-
F8973C	"<he/!"***\-
F8973D	";he/!"***\-
F8973E	":he/!"***\-
F8973F	"]~E;+"**+*
F89740	"@~a=+"**+*
F89741	"7he/!"***\-
F89742	"6he/!"***\-
F89743	"5he/!"***\-
F89744	"4he/!"***\-
F89745	"3he/!"***\-
F89746	"2he/!"***\-
F89747	"1he/!"***\-
F89748	"0he/!"***\-
F89749	"/he/!"***\-
F8974A	".he/!"***\-
F8974B	"-he/!"***\-
F8974C	"nG~8#"*+**
F8974D	"+he/!"***\-
F8974E	"*he/!"***\-
F8974F	")he/!"***\-
F89750	"(he/!"***\-
F89751	"'he/!"***\-
F89752	"&he/!"***\-
F89753	"%he/!"***\-
F89754	"V~t 3"**+*
F89755	"#he/!"***\-
F89756	"v5~C%"*+**
F89757	"!he/!"***\-
F89758	" he/!"***\-
F89759	"V~t 3"**+*5+
F8975A	"V~t 3"**+*6+
F8975B	"V~t 3"**+*7+
F8975C	"V~t 3"**+*8+
F8975D	"V~t 3"**+*9+
F8975E	"v5~C%"*+**8+
F8975F	"v5~C%"*+**9+
F89760	"zk'"**9+8*4*
F89761	"~)#~mg"*+**+
F89762	"OVP% "***\-2*
F89763	"olw "+**1-9*
F89764	"olw "+**9*8-
F89765	"olw "+**9*7-
F89766	"olw "+**9*6-
F89767	"olw "+**9*5-
F89768	"tL!"**5-8*7*
F89769	"olw "+**9*3-
F8976A	"olw "+**9*2-
F8976B	"olw "+**9*1-
F8976C	"olw "+**9*
F8976D	"olw "+**9*1+
F8976E	"olw "+**9*2+
F8976F	"he/!"***9-
F89770	"he/!"***8-
F89771	"he/!"***7-
F89772	"he/!"***6-
F89773	"he/!"***5-
F89774	"he/!"***4-
F89775	"he/!"***3-
F89776	"he/!"***2-
F89777	"he/!"***1-
F89778	"he/!"***
F89779	"he/!"***1+
F8977A	"he/!"***2+
F8977B	"he/!"***3+
F8977C	"he/!"***4+
F8977D	"he/!"***5+
F8977E	"he/!"***6+
F8977F	"he/!"***7+
F89780	"he/!"***8+
F89781	"he/!"***9+
F89782	"~VPJ "***\-
F89783	"}VPJ "***\-
F89784	"|VPJ "***\-
F89785	"{VPJ "***\-
F89786	"zVPJ "***\-
F89787	"yVPJ "***\-
F89788	"xVPJ "***\-
F89789	"wVPJ "***\-
F8978A	"vVPJ "***\-
F8978B	"uVPJ "***\-
F8978C	"tVPJ "***\-
F8978D	"sVPJ "***\-
F8978E	"rVPJ "***\-
F8978F	"qVPJ "***\-
F89790	"pVPJ "***\-
F89791	"oVPJ "***\-
F89792	"[~k,&"**+*
F89793	"mVPJ "***\-
F89794	"lVPJ "***\-
F89795	"kVPJ "***\-
F89796	"jVPJ "***\-
F89797	"iVPJ "***\-
F89798	"hVPJ "***\-
F89799	"gVPJ "***\-
F8979A	"fVPJ "***\-
F8979B	"eVPJ "***\-
F8979C	"dVPJ "***\-
F8979D	"cVPJ "***\-
F8979E	"bVPJ "***\-
F8979F	"aVPJ "***\-
F897A0	"`VPJ "***\-
F897A1	"_VPJ "***\-
F897A2	"^VPJ "***\-
F897A3	"]VPJ "***\-
F897A4	"\VPJ "***\-
F897A5	"[VPJ "***\-
F897A6	"ZVPJ "***\-
F897A7	"YVPJ "***\-
F897A8	"XVPJ "***\-
F897A9	"WVPJ "***\-
F897AA	"VVPJ "***\-
F897AB	"UVPJ "***\-
F897AC	"TVPJ "***\-
F897AD	"SVPJ "***\-
F897AE	"RVPJ "***\-
F897AF	"QVPJ "***\-
F897B0	"R(~g/"*+**
F897B1	"OVPJ "***\-
F897B2	"NVPJ "***\-
F897B3	"MVPJ "***\-
F897B4	"LVPJ "***\-
F897B5	"KVPJ "***\-
F897B6	"JVPJ "***\-
F897B7	"IVPJ "***\-
F897B8	"HVPJ "***\-
F897B9	"GVPJ "***\-
F897BA	"FVPJ "***\-
F897BB	"EVPJ "***\-
F897BC	"DVPJ "***\-
F897BD	"CVPJ "***\-
F897BE	"BVPJ "***\-
F897BF	"qOI"**5*5*
F897C0	"@VPJ "***\-
F897C1	"?VPJ "***\-
F897C2	">VPJ "***\-
F897C3	"=VPJ "***\-
F897C4	"<VPJ "***\-
F897C5	";VPJ "***\-
F897C6	"u~^(%"**+*
F897C7	"9VPJ "***\-
F897C8	"8VPJ "***\-
F897C9	"7VPJ "***\-
F897CA	"6VPJ "***\-
F897CB	"5VPJ "***\-
F897CC	"4VPJ "***\-
F897CD	"3VPJ "***\-
F897CE	"2VPJ "***\-
F897CF	"1VPJ "***\-
F897D0	"0VPJ "***\-
F897D1	"/VPJ "***\-
F897D2	".VPJ "***\-
F897D3	"-VPJ "***\-
F897D4	",VPJ "***\-
F897D5	"+VPJ "***\-
F897D6	"*VPJ "***\-
F897D7	")VPJ "***\-
F897D8	"(VPJ "***\-
F897D9	"'VPJ "***\-
F897DA	"G>~A7"*+**
F897DB	"%VPJ "***\-
F897DC	"$VPJ "***\-
F897DD	"#VPJ "***\-
F897DE	"0QOC&"***\-
F897DF	"!VPJ "***\-
F897E0	" VPJ "***\-
F897E1	"-QOC&"***\-
F897E2	",QOC&"***\-
F897E3	"+QOC&"***\-
F897E4	"*QOC&"***\-
F897E5	")QOC&"***\-
F897E6	"(QOC&"***\-
F897E7	"'QOC&"***\-
F897E8	"&QOC&"***\-
F897E9	"%QOC&"***\-
F897EA	"$QOC&"***\-
F897EB	"#QOC&"***\-
F897EC	"ja]+*"***\-
F897ED	"!QOC&"***\-
F897EE	" QOC&"***\-
F897EF	"ga]+*"***\-
F897F0	"fa]+*"***\-
F897F1	"ea]+*"***\-
F897F2	"da]+*"***\-
F897F3	"ca]+*"***\-
F897F4	"ba]+*"***\-
F897F5	"aa]+*"***\-
F897F6	"~he/!"***+
F897F7	"VP@%"***9-
F897F8	"VP@%"***8-
F897F9	"VP@%"***7-
F897FA	"VP@%"***6-
F897FB	"VP@%"***5-
F897FC	"VP@%"***4-
F897FD	"VP@%"***3-
F897FE	"VP@%"***2-
F897FF	"VP@%"***1-
