284800	"um~Q"+**1+
284801	"um~Q"+**2+
284802	"um~Q"+**3+
284803	"um~Q"+**4+
284804	"um~Q"+**5+
284805	"um~Q"+**6+
284806	"um~Q"+**7+
284807	"um~Q"+**8+
284808	"um~Q"+**9+
284809	"ng~k"+**9-
28480A	"ng~k"+**8-
28480B	"ng~k"+**7-
28480C	"ng~k"+**6-
28480D	"ng~k"+**5-
28480E	"ng~k"+**4-
28480F	"ng~k"+**3-
284810	"ng~k"+**2-
284811	"ng~k"+**1-
284812	"ng~k"+**
284813	"ng~k"+**1+
284814	"ng~k"+**2+
284815	"ng~k"+**3+
284816	"ng~k"+**4+
284817	"ng~k"+**5+
284818	"wv~>"+**
284819	"ng~k"+**7+
28481A	"r]~{"+**
28481B	"ng~k"+**9+
28481C	"wv~>"+**4+
28481D	"wv~>"+**5+
28481E	"wv~>"+**6+
28481F	"wv~>"+**7+
284820	"k`~b!"++**
284821	"wv~>"+**9+
284822	"r]~{"+**8+
284823	"r]~{"+**9+
284824	"wv^"**6+2*
284825	"[22! "***\-
284826	"i~v~V"+*+*
284827	"Y22! "***\-
284828	"wv^"**8+2*
284829	"r]S"**5+3*
28482A	"wv^"**9+2*
28482B	",oGC"**\-5*
28482C	"r]S"**6+3*
28482D	"vD/"**3+7*
28482E	")}xX"**\-2*
28482F	"r]S"**7+3*
284830	"wv/"**6+4*
284831	"O22! "***\-
284832	"r]S"**8+3*
284833	"M22! "***\-
284834	"wv/"**7+4*
284835	"r]S"**9+3*
284836	"%}xX"**\-2*
284837	"I22! "***\-
284838	"t~{~:"+*+*
284839	"G22! "***\-
28483A	"jU~~)"++**
28483B	"~aH"**7-3*
28483C	"wv/"**9+4*
28483D	"C22! "***\-
28483E	"cC~I"+**2*
28483F	"OO/"**9*8-
284840	"hL~~R"++**
284841	"~aH"**5-3*
284842	"~la"**7-2*
284843	"OO/"**9*4-
284844	"~la"**6-2*
284845	"OO/"**9*2-
284846	"~la"**5-2*
284847	"OO/"**9*
284848	"~l~D"+**8-
284849	"~l~D"+**7-
28484A	"~l~D"+**6-
28484B	"~l~D"+**5-
28484C	"~l~D"+**4-
28484D	"~l~D"+**3-
28484E	"~l~D"+**2-
28484F	"~l~D"+**1-
284850	"~l~D"+**
284851	"~l~D"+**1+
284852	"~l~D"+**2+
284853	"~l~D"+**3+
284854	"~l~D"+**4+
284855	"~l~D"+**5+
284856	"z~e~W"+*+*
284857	"~l~D"+**7+
284858	"~l~D"+**8+
284859	"~l~D"+**9+
28485A	"~la"**5+2*
28485B	"%22! "***\-
28485C	"~la"**6+2*
28485D	"}`,"**7-5*
28485E	"~la"**7+2*
28485F	"~aH"**5+3*
284860	"~la"**8+2*
284861	"~l~D"+**8+9+
284862	"~la"**9+2*
284863	"y~t~="+*+*7-
284864	"~a6"**5+4*
284865	"~aH"**7+3*
284866	"Ovqc"**\-2*
284867	"}`,"**5-5*
284868	"~aH"**8+3*
284869	"y~t~="+*+*1-
28486A	"y~t~="+*+*
28486B	"~aH"**9+3*
28486C	"mF~~^"++**
28486D	"y~t~="+*+*3+
28486E	"}xX"**9-2*
28486F	"y~t~="+*+*5+
284870	"}xX"**8-2*
284871	"}n@"**5-3*
284872	"}xX"**7-2*
284873	"la$"**5+7*
284874	"}xX"**6-2*
284875	"mF~~^"++**9+
284876	"}xX"**5-2*
284877	"}x~2"+**9-
284878	"}x~2"+**8-
284879	"gG~~m"++**
28487A	"}x~2"+**6-
28487B	"}x~2"+**5-
28487C	"}x~2"+**4-
28487D	"~um~Q"+**+
28487E	"}x~2"+**2-
28487F	"}x~2"+**1-
284880	"}x~2"+**
284881	"}x~2"+**1+
284882	"}x~2"+**2+
284883	"}x~2"+**3+
284884	"}x~2"+**4+
284885	"}x~2"+**5+
284886	"}x~2"+**6+
284887	"}x~2"+**7+
284888	"}x~2"+**8+
284889	"}x~2"+**9+
28488A	"}xX"**5+2*
28488B	"wWU"**3*4-
28488C	"}xX"**6+2*
28488D	"wWU"**3*2-
28488E	"}xX"**7+2*
28488F	"wWU"**3*
284890	"~ng~k"+**+
284891	"wWU"**3*2+
284892	"}xX"**9+2*
284893	"wWU"**3*4+
284894	"}x,"**5+4*
284895	"}n@"**7+3*
284896	"OM>"**7*
284897	"wWU"**3*8+
284898	"o~oj"*+*2*
284899	"}`,"**5+5*
28489A	"OM>"**7*4+
28489B	"}n@"**9+3*
28489C	"}x,"**7+4*
28489D	"WU3"**2+7*
28489E	"wWU"**5+3*
28489F	"OM>"**7*9+
2848A0	"\D~U"+**2*
2848A1	"wWU"**6+3*
2848A2	"1vqc"**\-2*
2848A3	"}`,"**7+5*
2848A4	"j~pI"*+*3*
2848A5	"%22! "***+
2848A6	"&22! "***+
2848A7	"wWU"**8+3*
2848A8	"A~m\"*+*4*
2848A9	")22! "***+
2848AA	"wWU"**9+3*
2848AB	"WU3"**4+7*
2848AC	"pSG"**5-4*
2848AD	"I~gE"*+*5*
2848AE	".22! "***+
2848AF	"/22! "***+
2848B0	"pSG"**4-4*
2848B1	"122! "***+
2848B2	"_~a8"*+*5*
2848B3	"g Y"**5-9*
2848B4	"pSG"**3-4*
2848B5	"522! "***+
2848B6	"}X("**9+6*
2848B7	"wW3"**8+5*
2848B8	"pSG"**2-4*
2848B9	"WU3"**6+7*
2848BA	"pSG"**4*6-
2848BB	"pSG"**4*5-
2848BC	"pSG"**1-4*
2848BD	"pSG"**4*3-
2848BE	"pSG"**4*2-
2848BF	"pSG"**4*1-
2848C0	"pSG"**4*
2848C1	"pSG"**4*1+
2848C2	"gY0"**5-6*
2848C3	"pSG"**4*3+
2848C4	"pSG"**1+4*
2848C5	"g`Y"**9-3*
2848C6	"pSG"**4*6+
2848C7	"1+~5"+**7*
2848C8	"{~^~e"+*+*
2848C9	"pSG"**4*9+
2848CA	"%}xX"**+2*
2848CB	"g`Y"**7-3*
2848CC	"pSG"**3+4*
2848CD	"M22! "***+
2848CE	"g`Y"**6-3*
2848CF	"O22! "***+
2848D0	"pSG"**4+4*
2848D1	"g`Y"**5-3*
2848D2	")}xX"**+2*
2848D3	"S22! "***+
2848D4	"^]v!"+**2*
2848D5	"OM>"**9+7*
2848D6	"+}xX"**+2*
2848D7	"g`Y"**3-3*
2848D8	"X~}~q"+*+*
2848D9	"g`Y"**3*7-
2848DA	"g`Y"**2-3*
2848DB	"g`Y"**3*5-
2848DC	"pSG"**7+4*
2848DD	"g`Y"**1-3*
2848DE	"g`Y"**3*2-
2848DF	"oGC"**8-5*
2848E0	"g`Y"**3*
2848E1	"g`Y"**3*1+
2848E2	"g`Y"**3*2+
2848E3	"g`Y"**1+3*
2848E4	"pSG"**9+4*
2848E5	"g`Y"**3*5+
2848E6	"g`Y"**2+3*
2848E7	"g`Y"**3*7+
2848E8	"gYH"**2+4*
2848E9	"g`Y"**3+3*
2848EA	"SG@"**6+7*
2848EB	"k22! "***+
2848EC	"g`Y"**4+3*
2848ED	"m22! "***+
2848EE	"n~}~A"+*+*
2848EF	"g`Y"**5+3*
2848F0	"gYH"**4+4*
2848F1	"SG@"**7+7*
2848F2	"vqc"**9-2*
2848F3	"oGC"**4-5*
2848F4	"vqc"**8-2*
2848F5	"g`Y"**7+3*
2848F6	"kI~~V"++**
2848F7	"w22! "***+
2848F8	"vqc"**6-2*
2848F9	"y22! "***+
2848FA	"vqc"**5-2*
2848FB	"vq~H"+**9-
2848FC	"vq~H"+**8-
2848FD	"}~_~_"+*+*
2848FE	"vq~H"+**6-
2848FF	"vq~H"+**5-
284900	"vq~H"+**4-
284901	"vq~H"+**3-
284902	"vq~H"+**2-
284903	"vq~H"+**1-
284904	"vq~H"+**
284905	"vq~H"+**1+
284906	"vq~H"+**2+
284907	"oGC"**5*
284908	"vq~H"+**4+
284909	"vq~H"+**5+
28490A	"vq~H"+**6+
28490B	"vq~H"+**7+
28490C	"vq~H"+**8+
28490D	"vq~H"+**9+
28490E	"vqc"**5+2*
28490F	"oGC"**5*8+
284910	"vqc"**6+2*
284911	"oGC"**2+5*
284912	"vqc"**7+2*
284913	"vqB"**5+3*
284914	"~wv^"**+2*
284915	"vq~H"+**8+9+
284916	"vqc"**9+2*
284917	"vqc"**5+2*9+
284918	"qc;"**5+4*
284919	"vqB"**7+3*
28491A	"M}xX"**+2*
28491B	"oGC"**4+5*
28491C	"vqB"**8+3*
28491D	"~wv^"**+2*9+
28491E	"O}xX"**+2*
28491F	"vqB"**9+3*
284920	"t~k4"*+*4*
284921	"_S1)"***1+6/
284922	"vq!"**5+6*
284923	"oGC"**4+5*8+
284924	"qc;"**8+4*
284925	"oGC"**6+5*
284926	"S}xX"**+2*
284927	"vqB"**9+3*8+
284928	"f~mN"*+*3*
284929	"kK/"**8-7*
28492A	"oGC"**7+5*
28492B	"CwVV"**\-3*
28492C	"V}xX"**+2*
28492D	"qc;"**8+4*9+
28492E	"vq!"**7+6*
28492F	"oGC"**8+5*
284930	"X~}w"*+*2*
284931	"g Y"**9+9*
284932	"Y}xX"**+2*
284933	"YU~~a"++**6-
284934	"oGC"**9+5*
284935	"YU~~a"++**4-
284936	"[}xX"**+2*
284937	"[~sS"*+*3*
284938	"~qPI"**+4*
284939	"YU~~a"++**
28493A	"vq!"**9+6*
28493B	"{Q5"**5*8-
28493C	"{Q5"**5*7-
28493D	"{Q5"**5*6-
28493E	"{Q5"**1-5*
28493F	"{Q5"**5*4-
284940	"`~v~j"+*+*
284941	"{Q5"**5*2-
284942	"{Q5"**5*1-
284943	"{Q5"**5*
284944	"{Q5"**5*1+
284945	"kK/"**4-7*
284946	"mB~~s"++**
284947	"{Q5"**5*4+
284948	"dV~~7"++**
284949	"{Q5"**5*6+
28494A	"zC~~G"++**
28494B	"{Q5"**5*8+
28494C	"kK/"**3-7*
28494D	"{Q5"**2+5*
28494E	"}|u["**\-2*
28494F	"7wVV"**\-3*
284950	"||u["**\-2*
284951	"dV~~7"++**9+
284952	"~{t%"**+5*
284953	"kK/"**2-7*
284954	"z|u["**\-2*
284955	"{5-"**2+9*
284956	"y|u["**\-2*
284957	"{Q5"**4+5*
284958	"ki~m"+**9-
284959	"ki~m"+**8-
28495A	"ki~m"+**7-
28495B	"ki~m"+**6-
28495C	"ki~m"+**5-
28495D	"ki~m"+**4-
28495E	"u~x~="+*+*
28495F	"ki~m"+**2-
284960	"ki~m"+**1-
284961	"ki~m"+**
284962	"ki~m"+**1+
284963	"ki~m"+**2+
284964	"ki~m"+**3+
284965	"ki~m"+**4+
284966	"ki~m"+**5+
284967	"ki~m"+**6+
284968	"ki~m"+**7+
284969	"ki~m"+**8+
28496A	"ki~m"+**9+
28496B	"xr~C"+**5-
28496C	"xr~C"+**4-
28496D	"xr~C"+**3-
28496E	"xr~C"+**2-
28496F	"xr~C"+**1-
284970	"xr~C"+**
284971	"e~y~Y"+*+*
284972	"xr~C"+**2+
284973	"xr~C"+**3+
284974	"xr~C"+**4+
284975	"xr~C"+**5+
284976	"xr~C"+**6+
284977	"xr~C"+**7+
284978	"xr~C"+**8+
284979	"xr~C"+**9+
28497A	"}v~5"+**
28497B	"}v~5"+**1+
28497C	"}v~5"+**2+
28497D	"}v~5"+**3+
28497E	"}v~5"+**4+
28497F	"}v~5"+**5+
284980	"}v~5"+**6+
284981	"}v~5"+**7+
284982	"~vq~H"+**+
284983	"}v~5"+**9+
284984	"ki/"**7+5*
284985	"%wVV"**\-3*
284986	"a|u["**\-2*
284987	"}v~5"+**4+9+
284988	"XIh!"+**3*
284989	"ki/"**8+5*
28498A	"_|u["**\-2*
28498B	"kK/"**6+7*
28498C	"^|u["**\-2*
28498D	"[Y~~J"++**5-
28498E	"]U~)"+**2*
28498F	"[Y~~J"++**3-
284990	"\|u["**\-2*
284991	"!wVV"**\-3*
284992	"[Y~~J"++**
284993	"}.)(#"***\-
284994	"tQ~z!"++**
284995	"{.)(#"***\-
284996	"z.)(#"***\-
284997	"y.)(#"***\-
284998	"x.)(#"***\-
284999	"kK/"**8+7*
28499A	"v.)(#"***\-
28499B	"u.)(#"***\-
28499C	"t.)(#"***\-
28499D	"s.)(#"***\-
28499E	"r.)(#"***\-
28499F	"q.)(#"***\-
2849A0	"kK/"**9+7*
2849A1	"o.)(#"***\-
2849A2	"n.)(#"***\-
2849A3	"m.)(#"***\-
2849A4	"l.)(#"***\-
2849A5	"k.)(#"***\-
2849A6	"j.)(#"***\-
2849A7	"i.)(#"***\-
2849A8	"h.)(#"***\-
2849A9	"g.)(#"***\-
2849AA	"f.)(#"***\-
2849AB	"e.)(#"***\-
2849AC	"d.)(#"***\-
2849AD	"c.)(#"***\-
2849AE	"g~D4"*+*7*
2849AF	"~gI'"**+9*
2849B0	"`.)(#"***\-
2849B1	"_.)(#"***\-
2849B2	"^.)(#"***\-
2849B3	"].)(#"***\-
2849B4	"\.)(#"***\-
2849B5	"fV+"**9-7*
2849B6	"~qI@"**+5*
2849B7	"Y.)(#"***\-
2849B8	"X.)(#"***\-
2849B9	"W.)(#"***\-
2849BA	"V.)(#"***\-
2849BB	"U.)(#"***\-
2849BC	"fV+"**8-7*
2849BD	"S.)(#"***\-
2849BE	"{~n~D"+*+*
2849BF	"Q.)(#"***\-
2849C0	"PJ~a"+**2*
2849C1	"O.)(#"***\-
2849C2	"N.)(#"***\-
2849C3	"|k~I"+**9-
2849C4	"|k~I"+**8-
2849C5	"|k~I"+**7-
2849C6	"|k~I"+**6-
2849C7	"|k~I"+**5-
2849C8	"|k~I"+**4-
2849C9	"|k~I"+**3-
2849CA	"|k~I"+**2-
2849CB	"|k~I"+**1-
2849CC	"|k~I"+**
2849CD	"|k~I"+**1+
2849CE	"|k~I"+**2+
2849CF	"|k~I"+**3+
2849D0	"|k~I"+**4+
2849D1	"|k~I"+**5+
2849D2	"|k~I"+**6+
2849D3	"|k~I"+**7+
2849D4	"|k~I"+**8+
2849D5	"|k~I"+**9+
2849D6	"e~qL"*+*3*
2849D7	"9.)(#"***\-
2849D8	"fV+"**4-7*
2849D9	"wVV"**9-3*
2849DA	"6.)(#"***\-
2849DB	"5.)(#"***\-
2849DC	"wVV"**8-3*
2849DD	"3.)(#"***\-
2849DE	"2.)(#"***\-
2849DF	"~ki~m"+**+
2849E0	"sR#"**6-8*
2849E1	"/.)(#"***\-
2849E2	"wVV"**6-3*
2849E3	"sp)"**9-5*
2849E4	",.)(#"***\-
2849E5	"o~c~q"+*+*
2849E6	"q~I,"*+*7*
2849E7	").)(#"***\-
2849E8	"wVV"**4-3*
2849E9	"'.)(#"***\-
2849EA	"&.)(#"***\-
2849EB	"]Y~~C"++**
2849EC	"sRF"**9-4*
2849ED	"sp)"**7-5*
2849EE	"^~u~q"+*+*
2849EF	"wVV"**3*5-
2849F0	"v~}~4"+*+*
2849F1	"wVV"**1-3*
2849F2	"sp)"**6-5*
2849F3	"wVV"**3*1-
2849F4	"wVV"**3*
2849F5	"wVV"**3*1+
2849F6	"wVV"**3*2+
2849F7	"wVV"**1+3*
2849F8	"~}v~5"+**+
2849F9	"wVV"**3*5+
2849FA	"~}n@"**+3*
2849FB	"fV+"**1+7*
2849FC	"sRF"**5-4*
2849FD	"wVV"**3+3*
2849FE	"%|u["**\-2*
2849FF	"~}v~5"+**+7+
284A00	"l@~A"+**2*
284A01	"sp)"**3-5*
284A02	"fV+"**2+7*
284A03	"wVV"**5+3*
284A04	"sRF"**3-4*
284A05	"sRF"**5-4*9+
284A06	"wVV"**6+3*
284A07	"sp~O"+**9-
284A08	"sp~O"+**8-
284A09	"sp~O"+**7-
284A0A	"sp~O"+**6-
284A0B	"sp~O"+**5-
284A0C	"sp~O"+**4-
284A0D	"sp~O"+**3-
284A0E	"sp~O"+**2-
284A0F	"sp~O"+**1-
284A10	"sp~O"+**
284A11	"sp~O"+**1+
284A12	"sp~O"+**2+
284A13	"sp~O"+**3+
284A14	"sp~O"+**4+
284A15	"sp~O"+**5+
284A16	"sp~O"+**6+
284A17	"sp~O"+**7+
284A18	"sp~O"+**8+
284A19	"sp~O"+**9+
284A1A	"sp)"**2+5*
284A1B	"[>4"**5-9*
284A1C	"sRF"**3+4*
284A1D	"sp~O"+**4+9+
284A1E	"b~sM"*+*3*
284A1F	"sp)"**3+5*
284A20	"sRF"**4+4*
284A21	"$m_U"**\-3*
284A22	"sp~O"+**9+9+
284A23	"G~e0."**+*6/
284A24	"sRF"**5+4*
284A25	"fV+"**7+7*
284A26	"gI1+"***1-6/
284A27	"EsYV"**\-3*
284A28	"sRF"**6+4*
284A29	"sp)"**5+5*
284A2A	"wV+"**9+6*
284A2B	"sRF"**5+4*7+
284A2C	"sRF"**7+4*
284A2D	"|[N"**9-3*
284A2E	"sp)"**6+5*
284A2F	"nD~~e"++**9-
284A30	"|[N"**8-3*
284A31	"!.)(#"***+
284A32	"nD~~e"++**6-
284A33	"|[N"**7-3*
284A34	"sRF"**9+4*
284A35	"%.)(#"***+
284A36	"|[N"**6-3*
284A37	"'.)(#"***+
284A38	"nD~~e"++**
284A39	"|[N"**5-3*
284A3A	"sR("**6+7*
284A3B	"+.)(#"***+
284A3C	"|[N"**4-3*
284A3D	"sp)"**9+5*
284A3E	"..)(#"***+
284A3F	"~|~+"+**9-
284A40	"~|~+"+**8-
284A41	"~|~+"+**7-
284A42	"~|~+"+**6-
284A43	"~|~+"+**5-
284A44	"~|~+"+**4-
284A45	"~|~+"+**3-
284A46	"~|~+"+**2-
284A47	"~|~+"+**1-
284A48	"~|~+"+**
284A49	"~|~+"+**1+
284A4A	"~|~+"+**2+
284A4B	"~|~+"+**3+
284A4C	"jj~m"+**
284A4D	"~|~+"+**5+
284A4E	"y~q~B"+*+*
284A4F	"~|~+"+**7+
284A50	"~|~+"+**8+
284A51	"~|~+"+**9+
284A52	"jj~m"+**6+
284A53	"jj~m"+**7+
284A54	"rJ~~="++**
284A55	"jj~m"+**9+
284A56	"jj/"**2+5*
284A57	"q~aO"*+*3*
284A58	"sR#"**9+8*
284A59	"I.)(#"***+
284A5A	"|[N"**6+3*
284A5B	"jj/"**3+5*
284A5C	"L.)(#"***+
284A5D	"|[N"**7+3*
284A5E	"N.)(#"***+
284A5F	"O.)(#"***+
284A60	"|[N"**8+3*
284A61	"Q.)(#"***+
284A62	"R.)(#"***+
284A63	"I~{a"*+*3*
284A64	"|N'"**4+7*
284A65	"jj/"**5+5*
284A66	"|['"**5+6*
284A67	"W.)(#"***+
284A68	"eV&"**7-8*
284A69	"Y.)(#"***+
284A6A	"jj/"**6+5*
284A6B	"|N'"**5+7*
284A6C	"|['"**6+6*
284A6D	"].)(#"***+
284A6E	"^.)(#"***+
284A6F	"jj/"**7+5*
284A70	"eV&"**6-8*
284A71	"a.)(#"***+
284A72	"m_U"**9-3*
284A73	"tg~_"+**9-
284A74	"tg~_"+**8-
284A75	"tg~_"+**7-
284A76	"tg~_"+**6-
284A77	"tg~_"+**5-
284A78	"tg~_"+**4-
284A79	"tg~_"+**3-
284A7A	"tg~_"+**2-
284A7B	"tg~_"+**1-
284A7C	"tg~_"+**
284A7D	"tg~_"+**1+
284A7E	"tg~_"+**2+
284A7F	"tg~_"+**3+
284A80	"tg~_"+**4+
284A81	"tg~_"+**5+
284A82	"tg~_"+**6+
284A83	"tg~_"+**7+
284A84	"tg~_"+**8+
284A85	"tg~_"+**9+
284A86	"v.)(#"***+
284A87	"m_U"**2-3*
284A88	"eVL"**6-4*
284A89	"y.)(#"***+
284A8A	"m_U"**1-3*
284A8B	"{.)(#"***+
284A8C	"eVL"**5-4*
284A8D	"m_U"**3*
284A8E	"~sp~O"+**+
284A8F	"m_U"**3*2+
284A90	"m_U"**1+3*
284A91	"m_U"**3*4+
284A92	"m_3"**1+5*
284A93	"m_U"**2+3*
284A94	"eVL"**3-4*
284A95	"MGE"**4-7*
284A96	"aN~~a"++**
284A97	"m_3"**2+5*
284A98	"eVL"**2-4*
284A99	"eVL"**4*7-
284A9A	"eVL"**4*6-
284A9B	"eVL"**4*5-
284A9C	"m_U"**5+3*
284A9D	"eVL"**4*3-
284A9E	"eVL"**4*2-
284A9F	"m_U"**6+3*
284AA0	"eVL"**4*
284AA1	"m_3"**4+5*
284AA2	"k~lK"*+*3*
284AA3	"MGE"**2-7*
284AA4	"eVL"**1+4*
284AA5	"m_U"**8+3*
284AA6	"n~U7"*+*5*
284AA7	"eVL"**4*7+
284AA8	"m_U"**9+3*
284AA9	"eVL"**4*9+
284AAA	"^~w~m"+*+*
284AAB	"m_3"**6+5*
284AAC	"eVL"**3+4*
284AAD	"MGE"**7*4-
284AAE	"MGE"**7*3-
284AAF	"MGE"**7*2-
284AB0	"A~vU"*+*4*
284AB1	"MGE"**7*
284AB2	"MGE"**7*1+
284AB3	"MGE"**7*2+
284AB4	"{~hf"*+*2*
284AB5	"m_3"**8+5*
284AB6	"MGE"**7*5+
284AB7	"MGE"**7*6+
284AB8	"z~j~M"+*+*
284AB9	"MGE"**7*8+
284ABA	"m_3"**9+5*
284ABB	"z~j~M"+*+*3+
284ABC	"eVL"**7+4*
284ABD	"eS#"**8-9*
284ABE	"A|yX"**\-2*
284ABF	"O#~A"+**5*
284AC0	"eVL"**8+4*
284AC1	"z~j~M"+*+*9+
284AC2	"?|yX"**\-2*
284AC3	"%zoA"**\-3*
284AC4	"eVL"**9+4*
284AC5	"eVL"**7+4*9+
284AC6	"sY+"**8-6*
284AC7	"O#~A"+**5*8+
284AC8	"q\~_!"++**
284AC9	"}AA"**8-5*
284ACA	"~jj~m"+**+
284ACB	"eVL"**9+4*7+
284ACC	"sY+"**7-6*
284ACD	"MGE"**4+7*
284ACE	"}AA"**7-5*
284ACF	"eS#"**6-9*
284AD0	"eV&"**6+8*
284AD1	"q\~_!"++**9+
284AD2	"sY+"**6-6*
284AD3	"}AA"**6-5*
284AD4	"MGE"**5+7*
284AD5	"9h\\"**\-3*
284AD6	"5|yX"**\-2*
284AD7	"vC~~R"++**5-
284AD8	"lK~%"+**2*
284AD9	"vC~~R"++**3-
284ADA	"3|yX"**\-2*
284ADB	"sYV"**9-3*
284ADC	"vC~~R"++**
284ADD	"}AA"**4-5*
284ADE	"sYV"**8-3*
284ADF	"vC~~R"++**3+
284AE0	"eV&"**8+8*
284AE1	"sYV"**7-3*
284AE2	"wF~~A"++**
284AE3	"g~a~h!"++*+*
284AE4	"sYV"**6-3*
284AE5	"vC~~R"++**9+
284AE6	"-|yX"**\-2*
284AE7	"sYV"**5-3*
284AE8	"}}~+"+**9-
284AE9	"}}~+"+**8-
284AEA	"}}~+"+**7-
284AEB	"}}~+"+**6-
284AEC	"}}~+"+**5-
284AED	"}}~+"+**4-
284AEE	"}}~+"+**3-
284AEF	"}}~+"+**2-
284AF0	"tT~p!"++**
284AF1	"}}~+"+**
284AF2	"}}~+"+**1+
284AF3	"}}~+"+**2+
284AF4	"}}~+"+**3+
284AF5	"}}~+"+**4+
284AF6	"sYV"**3*
284AF7	"}}~+"+**6+
284AF8	"}}~+"+**7+
284AF9	"}}~+"+**8+
284AFA	"m~d~s"+*+*
284AFB	"}AA"**2+5*
284AFC	"ie~{"+**9-
284AFD	"ie~{"+**8-
284AFE	"[~|~k"+*+*
284AFF	"ie~{"+**6-
284B00	"ie~{"+**5-
284B01	"ie~{"+**4-
284B02	"ie~{"+**3-
284B03	"ie~{"+**2-
284B04	"ie~{"+**1-
284B05	"ie~{"+**
284B06	"ie~{"+**1+
284B07	"ie~{"+**2+
284B08	"^~v~o"+*+*
284B09	"ie~{"+**4+
284B0A	"ie~{"+**5+
284B0B	"ie~{"+**6+
284B0C	"ie~{"+**7+
284B0D	"ie~{"+**8+
284B0E	"ie~{"+**9+
284B0F	"}AA"**6+5*
284B10	"aS)"**9-8*
284B11	"sYV"**9+3*
284B12	"L{q_"**\-2*
284B13	"eS-"**2+7*
284B14	"n~x~I"+*+*
284B15	"k..' "***\-
284B16	"J{q_"**\-2*
284B17	"ieS"**6+3*
284B18	"aS)"**8-8*
284B19	"}AA"**8+5*
284B1A	"ieS"**7+3*
284B1B	"e..' "***\-
284B1C	"|y,"**9-4*
284B1D	"ieS"**8+3*
284B1E	"}AA"**9+5*
284B1F	"a..' "***\-
284B20	"jH~~^"++**
284B21	"eS-"**4+7*
284B22	"D{q_"**\-2*
284B23	"zoA"**5-3*
284B24	"|y,"**7-4*
284B25	"[..' "***\-
284B26	"zoA"**4-3*
284B27	"Y..' "***\-
284B28	"|y,"**6-4*
284B29	"zu~;"+**9-
284B2A	"zu~;"+**8-
284B2B	"zu~;"+**7-
284B2C	"zu~;"+**6-
284B2D	"zu~;"+**5-
284B2E	"zu~;"+**4-
284B2F	"zu~;"+**3-
284B30	"zu~;"+**2-
284B31	"zu~;"+**1-
284B32	"zu~;"+**
284B33	"zu~;"+**1+
284B34	"zu~;"+**2+
284B35	"zu~;"+**3+
284B36	"zu~;"+**4+
284B37	"zu~;"+**5+
284B38	"zu~;"+**6+
284B39	"zu~;"+**7+
284B3A	"zu~;"+**8+
284B3B	"zu~;"+**9+
284B3C	"|y~2"+**4-
284B3D	"|y~2"+**3-
284B3E	"|y~2"+**2-
284B3F	"|y~2"+**1-
284B40	"|y~2"+**
284B41	"|y~2"+**1+
284B42	"|y~2"+**2+
284B43	"|y~2"+**3+
284B44	"|y~2"+**4+
284B45	"|y~2"+**5+
284B46	"|y~2"+**6+
284B47	"|y~2"+**7+
284B48	"|y~2"+**8+
284B49	"|y~2"+**9+
284B4A	"|yX"**5+2*
284B4B	"_M~~m"++**
284B4C	"|yX"**6+2*
284B4D	"zoA"**9+3*
284B4E	"|yX"**7+2*
284B4F	"aSR"**4*9-
284B50	"|yX"**8+2*
284B51	"aSR"**4*7-
284B52	"v~w~="+*+*
284B53	"aSR"**4*5-
284B54	"|y,"**5+4*
284B55	"zu%"**7+5*
284B56	"oA="**6+6*
284B57	"aSR"**4*1-
284B58	"aSR"**4*
284B59	"aSR"**4*1+
284B5A	"zu%"**8+5*
284B5B	"aSR"**4*3+
284B5C	"|y,"**7+4*
284B5D	"aSR"**4*5+
284B5E	"aSR"**4*6+
284B5F	"zu%"**9+5*
284B60	"p~mk"*+*2*
284B61	"aSR"**4*9+
284B62	"oA="**8+6*
284B63	"UU3+"***9+6/
284B64	"|y,"**9+4*
284B65	"h\\"**9-3*
284B66	"[urc"**\-2*
284B67	"!kV)"**\-7*
284B68	"h\\"**8-3*
284B69	"?VSJ"**\-5*
284B6A	"e~yk"*+*2*
284B6B	"h\\"**7-3*
284B6C	"aSR"**5+4*
284B6D	"|y,"**9+4*9+
284B6E	"}~[L"*+*3*
284B6F	"h\\"**8-3*7+
284B70	"aSR"**6+4*
284B71	"h\\"**5-3*
284B72	"Uurc"**\-2*
284B73	"=VSJ"**\-5*
284B74	"h\\"**4-3*
284B75	"&og!"**\-7*
284B76	"Surc"**\-2*
284B77	"h\\"**3-3*
284B78	"aSR"**8+4*
284B79	"h\\"**3*7-
284B7A	"h\\"**2-3*
284B7B	"h\\"**3*5-
284B7C	"aSR"**9+4*
284B7D	"h\\"**1-3*
284B7E	"h\\"**3*2-
284B7F	"h\\"**3*1-
284B80	"h\\"**3*
284B81	"h\\"**3*1+
284B82	"{q&"**8-5*
284B83	"h\\"**1+3*
284B84	"h\E"**1+4*
284B85	"h\\"**3*5+
284B86	"G~vh"*+*3*
284B87	"{q&"**7-5*
284B88	"h\E"**2+4*
284B89	"h\\"**3+3*
284B8A	"Iurc"**\-2*
284B8B	"f~r~d"+*+*1-
284B8C	"f~r~d"+*+*
284B8D	"f~r~d"+*+*1+
284B8E	"Gurc"**\-2*
284B8F	"h\\"**5+3*
284B90	"h\E"**4+4*
284B91	"{q&"**5-5*
284B92	"h\\"**6+3*
284B93	"f~r~d"+*+*7+
284B94	"h\E"**5+4*
284B95	"h\\"**7+3*
284B96	"{q&"**4-5*
284B97	"g5-+"***1-4/
284B98	"{q_"**9-2*
284B99	"g5-+"***7+4/
284B9A	"{q_"**8-2*
284B9B	"h\\"**9+3*
284B9C	"{q_"**7-2*
284B9D	"h\E"**5+4*9+
284B9E	"{q_"**6-2*
284B9F	"LID"**7-7*
284BA0	"{q_"**5-2*
284BA1	"{q~@"+**9-
284BA2	"{q~@"+**8-
284BA3	"{q~@"+**7-
284BA4	"{q~@"+**6-
284BA5	"{q~@"+**5-
284BA6	"{q~@"+**4-
284BA7	"{q~@"+**3-
284BA8	"{q~@"+**2-
284BA9	"{q~@"+**1-
284BAA	"{q~@"+**
284BAB	"{q~@"+**1+
284BAC	"zO~s!"++**
284BAD	"{q~@"+**3+
284BAE	"{q~@"+**4+
284BAF	"{q~@"+**5+
284BB0	"{q~@"+**6+
284BB1	"{q~@"+**7+
284BB2	"{q~@"+**8+
284BB3	"{q~@"+**9+
284BB4	"ya~c"+**5-
284BB5	"ya~c"+**4-
284BB6	"ya~c"+**3-
284BB7	"ya~c"+**2-
284BB8	"ya~c"+**1-
284BB9	"ya~c"+**
284BBA	"ya~c"+**1+
284BBB	"ya~c"+**2+
284BBC	"|]~g"+**
284BBD	"ya~c"+**4+
284BBE	"~|y~2"+**+
284BBF	"ya~c"+**6+
284BC0	"ya~c"+**7+
284BC1	"ya~c"+**8+
284BC2	"~~S~}"+*+*
284BC3	"|]~g"+**7+
284BC4	"|]~g"+**8+
284BC5	"|]~g"+**9+
284BC6	"V9'$!"***\-
284BC7	"wLI"**4*9-
284BC8	"x;~~y"++**
284BC9	"LID"**1-7*
284BCA	"wLI"**4*6-
284BCB	"yaK"**6+3*
284BCC	"wLI"**1-4*
284BCD	"G+~/"+**5*
284BCE	"yaK"**7+3*
284BCF	"wLI"**4*1-
284BD0	"wLI"**4*
284BD1	"yaK"**8+3*
284BD2	"{q&"**8+5*
284BD3	"wLI"**4*3+
284BD4	"m~ol"*+*2*
284BD5	"wLI"**4*5+
284BD6	"wLI"**4*6+
284BD7	"{q&"**9+5*
284BD8	"wLI"**2+4*
284BD9	"wLI"**4*9+
284BDA	"q_)"**8+6*
284BDB	"A9'$!"***\-
284BDC	"wLI"**3+4*
284BDD	"uL!"**7-9*
284BDE	"LID"**2+7*
284BDF	"=9'$!"***\-
284BE0	"wLI"**4+4*
284BE1	"ya-"**8+5*
284BE2	":9'$!"***\-
284BE3	"99'$!"***\-
284BE4	"wLI"**5+4*
284BE5	"LID"**3+7*
284BE6	"ya-"**9+5*
284BE7	"59'$!"***\-
284BE8	"wLI"**6+4*
284BE9	"39'$!"***\-
284BEA	"29'$!"***\-
284BEB	"19'$!"***\-
284BEC	"wLI"**7+4*
284BED	"/9'$!"***\-
284BEE	".9'$!"***\-
284BEF	"uL!"**5-9*
284BF0	"n~q4"*+*4*
284BF1	"+9'$!"***\-
284BF2	"ur!"**7-6*
284BF3	"LID"**5+7*
284BF4	"wLI"**9+4*
284BF5	"'9'$!"***\-
284BF6	"&9'$!"***\-
284BF7	"%9'$!"***\-
284BF8	"uc9"**9-4*
284BF9	"#9'$!"***\-
284BFA	">~mM"*+*5*
284BFB	"!9'$!"***\-
284BFC	"uc9"**8-4*
284BFD	"}..' "***+
284BFE	"ur!"**5-6*
284BFF	"!VSJ"**\-5*
284C00	"uc9"**7-4*
284C01	"Y?|!"+**3*
284C02	"O{zX"**\-2*
284C03	">~mM"*+*5*9+
284C04	"urB"**8-3*
284C05	"uc9"**8-4*9+
284C06	"M{zX"**\-2*
284C07	"~m_U"**+3*
284C08	"uc9"**5-4*
284C09	"'nb1"**\-5*
284C0A	"urc"**9-2*
284C0B	"urB"**8-3*7+
284C0C	"urc"**8-2*
284C0D	"urB"**5-3*
284C0E	"urc"**7-2*
284C0F	"LID"**9+7*
284C10	"o~nk"*+*2*
284C11	"uc9"**5-4*9+
284C12	"urc"**5-2*
284C13	"ur~H"+**9-
284C14	"ur~H"+**8-
284C15	"ur~H"+**7-
284C16	"ur~H"+**6-
284C17	"ur~H"+**5-
284C18	"ur~H"+**4-
284C19	"ur~H"+**3-
284C1A	"ur~H"+**2-
284C1B	"ur~H"+**1-
284C1C	"ur~H"+**
284C1D	"ur~H"+**1+
284C1E	"ur~H"+**2+
284C1F	"ur~H"+**3+
284C20	"ur~H"+**4+
284C21	"ur~H"+**5+
284C22	"ur~H"+**6+
284C23	"ur~H"+**7+
284C24	"ur~H"+**8+
284C25	"ur~H"+**9+
284C26	"urc"**5+2*
284C27	"!nb1"**\-5*
284C28	"~{q~@"+**+
284C29	"w=)! "***\-
284C2A	"urc"**7+2*
284C2B	"urB"**5+3*
284C2C	"urc"**8+2*
284C2D	"s=)! "***\-
284C2E	"urc"**9+2*
284C2F	"q=)! "***\-
284C30	"uc9"**5+4*
284C31	"urB"**7+3*
284C32	"y~|~1"+*+*
284C33	"m=)! "***\-
284C34	"urB"**8+3*
284C35	"k=)! "***\-
284C36	"UA~q"+**2*
284C37	"~ya~c"+**+
284C38	"uc9"**7+4*
284C39	"kV)"**3-7*
284C3A	"~|]~g"+**+
284C3B	"%lIC"**\-5*
284C3C	"~|yX"**+2*
284C3D	"!zXR"**\-3*
284C3E	"1{zX"**\-2*
284C3F	"a=)! "***\-
284C40	"~P~g!"++**
284C41	"_=)! "***\-
284C42	"/{zX"**\-2*
284C43	"KykD"**\-3*
284C44	".{zX"**\-2*
284C45	"kV)"**7*9-
284C46	"ur!"**7+6*
284C47	"kV)"**1-7*
284C48	"kV)"**7*6-
284C49	"uL!"**5+9*
284C4A	"O~RP"*+*5*
284C4B	"kV)"**7*3-
284C4C	"ur!"**8+6*
284C4D	"kV)"**7*1-
284C4E	"kV)"**7*
284C4F	"kV)"**7*1+
284C50	"kV)"**7*2+
284C51	"kV)"**7*3+
284C52	"ur!"**9+6*
284C53	"kV)"**7*5+
284C54	"kV)"**7*6+
284C55	"kV)"**1+7*
284C56	"kV)"**7*8+
284C57	"kV)"**7*9+
284C58	"{=,"**9-8*
284C59	"+|G<"**\-5*
284C5A	"#{zX"**\-2*
284C5B	"uL!"**7+9*
284C5C	"kV)"**2+7*
284C5D	"C=)! "***\-
284C5E	"n5v!"+**3*
284C5F	"A=)! "***\-
284C60	"{=,"**8-8*
284C61	"AykD"**\-3*
284C62	"aykf"**\-2*
284C63	"=~SI"*+*7*
284C64	"ogM"**9-3*
284C65	";=)! "***\-
284C66	"_ykf"**\-2*
284C67	"ogM"**8-3*
284C68	"}L~w!"++**
284C69	"7=)! "***\-
284C6A	"ogM"**7-3*
284C6B	"5=)! "***\-
284C6C	"\ykf"**\-2*
284C6D	"ogM"**6-3*
284C6E	"[ykf"**\-2*
284C6F	"1=)! "***\-
284C70	"~sYV"**+3*
284C71	"kV)"**5+7*
284C72	"Yykf"**\-2*
284C73	"ogM"**4-3*
284C74	"Xykf"**\-2*
284C75	"+=)! "***\-
284C76	"]~|~f"+*+*
284C77	"og~i"+**8-
284C78	"og~i"+**7-
284C79	"og~i"+**6-
284C7A	"og~i"+**5-
284C7B	"og~i"+**4-
284C7C	"og~i"+**3-
284C7D	"og~i"+**2-
284C7E	"og~i"+**1-
284C7F	"og~i"+**
284C80	"og~i"+**1+
284C81	"og~i"+**2+
284C82	"og~i"+**3+
284C83	"og~i"+**4+
284C84	"og~i"+**5+
284C85	"og~i"+**6+
284C86	"og~i"+**7+
284C87	"og~i"+**8+
284C88	"og~i"+**9+
284C89	"C1,##"***\-
284C8A	"B1,##"***\-
284C8B	"ogM"**4+3*
284C8C	"q~v~G"+*+*
284C8D	"kV)"**9+7*
284C8E	"{zX"**9-2*
284C8F	"=1,##"***\-
284C90	"{zX"**8-2*
284C91	"ogM"**6+3*
284C92	"{zX"**7-2*
284C93	"91,##"***\-
284C94	"{zX"**6-2*
284C95	"VSJ"**3-5*
284C96	"{zX"**5-2*
284C97	"{z~2"+**9-
284C98	"{z~2"+**8-
284C99	"eO~~O"++**
284C9A	"{z~2"+**6-
284C9B	"{z~2"+**5-
284C9C	"{z~2"+**4-
284C9D	"{z~2"+**3-
284C9E	"{z~2"+**2-
284C9F	"{z~2"+**1-
284CA0	"{z~2"+**
284CA1	"{z~2"+**1+
284CA2	"{z~2"+**2+
284CA3	"{z~2"+**3+
284CA4	"VSJ"**5*
284CA5	"{z~2"+**5+
284CA6	"{z~2"+**6+
284CA7	"{z~2"+**7+
284CA8	"{z~2"+**8+
284CA9	"{z~2"+**9+
284CAA	"{zX"**5+2*
284CAB	"yI~~/"++**
284CAC	"{zX"**6+2*
284CAD	"VSJ"**5*9+
284CAE	"{zX"**7+2*
284CAF	"zXR"**5+3*
284CB0	"{zX"**8+2*
284CB1	"{z~2"+**8+9+
284CB2	"{zX"**9+2*
284CB3	"VSJ"**3+5*
284CB4	"|;~~m"++**
284CB5	"zXR"**7+3*
284CB6	"7ykf"**\-2*
284CB7	"og!"**8+7*
284CB8	"zXR"**8+3*
284CB9	"|;~~m"++**5+
284CBA	"5ykf"**\-2*
284CBB	"zXR"**9+3*
284CBC	"{z,"**7+4*
284CBD	"VSJ"**5+5*
284CBE	"wQh!"+**2*
284CBF	"_~{~c"+*+*8-
284CC0	"t~y."*+*4*
284CC1	"!=)! "***+
284CC2	"VSJ"**6+5*
284CC3	"nb~w"+**9-
284CC4	"nb~w"+**8-
284CC5	"nb~w"+**7-
284CC6	"nb~w"+**6-
284CC7	"_~{~c"+*+*
284CC8	"nb~w"+**4-
284CC9	"nb~w"+**3-
284CCA	"nb~w"+**2-
284CCB	"nb~w"+**1-
284CCC	"nb~w"+**
284CCD	"nb~w"+**1+
284CCE	"nb~w"+**2+
284CCF	"nb~w"+**3+
284CD0	"nb~w"+**4+
284CD1	"nb~w"+**5+
284CD2	"nb~w"+**6+
284CD3	"nb~w"+**7+
284CD4	"nb~w"+**8+
284CD5	"nb~w"+**9+
284CD6	"nb1"**2+5*
284CD7	"7=)! "***+
284CD8	"{=,"**7+8*
284CD9	"IC<"**3-9*
284CDA	"nb#"**2+7*
284CDB	"nb1"**3+5*
284CDC	"ZIC"**4-6*
284CDD	"==)! "***+
284CDE	">=)! "***+
284CDF	"?=)! "***+
284CE0	"nb1"**4+5*
284CE1	"nb#"**3+7*
284CE2	"ZIC"**3-6*
284CE3	"C=)! "***+
284CE4	"D=)! "***+
284CE5	"nb1"**5+5*
284CE6	"F=)! "***+
284CE7	"G=)! "***+
284CE8	"TO~I"+**2*
284CE9	"I=)! "***+
284CEA	"nb1"**6+5*
284CEB	"IC<"**1-9*
284CEC	"lIC"**5*8-
284CED	"!1,##"***+
284CEE	"o~z~D"+*+*
284CEF	";~a["*+*5*
284CF0	"]G2"**8-8*
284CF1	"%1,##"***+
284CF2	"&1,##"***+
284CF3	"'1,##"***+
284CF4	"lIC"**5*
284CF5	")1,##"***+
284CF6	"nb#"**6+7*
284CF7	"+1,##"***+
284CF8	"X~y~y"+*+*
284CF9	"nb1"**9+5*
284CFA	"WV~~e"++**
284CFB	"/1,##"***+
284CFC	"01,##"***+
284CFD	"q?5"**7*
284CFE	"e~t,"*+*5*
284CFF	"q?5"**7*2+
284D00	"r@~~n"++**
284D01	"q?5"**7*4+
284D02	"q?5"**7*5+
284D03	"lIC"**3+5*
284D04	"yk3"**8-4*
284D05	"q?5"**7*8+
284D06	"u~z~:"+*+*
284D07	"t-+'#"***\-
284D08	"yk3"**7-4*
284D09	"ykD"**9-3*
284D0A	"q-+'#"***\-
284D0B	"nb#"**9+7*
284D0C	"ykD"**8-3*
284D0D	"lIC"**5+5*
284D0E	"m-+'#"***\-
284D0F	"ykD"**7-3*
284D10	"yk3"**5-4*
284D11	"j-+'#"***\-
284D12	"{m~G"+**9-
284D13	"{m~G"+**8-
284D14	"{m~G"+**7-
284D15	"{m~G"+**6-
284D16	"{m~G"+**5-
284D17	"{m~G"+**4-
284D18	"{m~G"+**3-
284D19	"{m~G"+**2-
284D1A	"{m~G"+**1-
284D1B	"{m~G"+**
284D1C	"{m~G"+**1+
284D1D	"{m~G"+**2+
284D1E	"{m~G"+**3+
284D1F	"{m~G"+**4+
284D20	"{m~G"+**5+
284D21	"{m~G"+**6+
284D22	"{m~G"+**7+
284D23	"{m~G"+**8+
284D24	"yk~N"+**
284D25	"yk~N"+**1+
284D26	"yk~N"+**2+
284D27	"yk~N"+**3+
284D28	"yk~N"+**4+
284D29	"yk~N"+**5+
284D2A	"yk~N"+**6+
284D2B	"yk~N"+**7+
284D2C	"yk~N"+**8+
284D2D	"yk~N"+**9+
284D2E	"|d~W"+**2-
284D2F	"|d~W"+**1-
284D30	"|d~W"+**
284D31	"|d~W"+**1+
284D32	"|d~W"+**2+
284D33	"|d~W"+**3+
284D34	"|d~W"+**4+
284D35	"ws~C"+**
284D36	"|d~W"+**6+
284D37	"|d~W"+**7+
284D38	"|d~W"+**8+
284D39	"|d~W"+**9+
284D3A	"ws~C"+**5+
284D3B	"ws~C"+**6+
284D3C	"~^~a"+**
284D3D	"aI~~y"++**
284D3E	"ws~C"+**9+
284D3F	"~^~a"+**3+
284D40	"~^~a"+**4+
284D41	"~^~a"+**5+
284D42	"~^~a"+**6+
284D43	"~^~a"+**7+
284D44	"~^~a"+**8+
284D45	"~^~a"+**9+
284D46	"5-+'#"***\-
284D47	"4-+'#"***\-
284D48	"|dG"**8+3*
284D49	"|G<"**5+5*
284D4A	"S~U4"*+*7*
284D4B	"|dG"**9+3*
284D4C	"|KG"**7+4*
284D4D	".-+'#"***\-
284D4E	"|G<"**6+5*
284D4F	",-+'#"***\-
284D50	"XV~~a"++**
284D51	"uK+"**6-7*
284D52	")-+'#"***\-
284D53	"|G<"**7+5*
284D54	"|KG"**9+4*
284D55	"&-+'#"***\-
284D56	"%-+'#"***\-
284D57	"iA+"**4-9*
284D58	"|G<"**8+5*
284D59	"XV~~a"++**9+
284D5A	"|G2"**7+6*
284D5B	" -+'#"***\-
284D5C	"&tsc"**\-2*
284D5D	"o~q)"*+*5*
284D5E	"%tsc"**\-2*
284D5F	"uK+"**4-7*
284D60	"l~O2"*+*6*
284D61	"}~v~4"+*+*1-
284D62	"}~v~4"+*+*
284D63	"e~yG"*+*3*
284D64	" ykf"**+2*
284D65	"Y;~~~}"+++**
284D66	"|G2"**9+6*
284D67	"ui+"**4-5*
284D68	"]G2"**7+8*
284D69	"iA+"**2-9*
284D6A	"#ykf"**+2*
284D6B	"}~v~4"+*+*9+
284D6C	"~YVE"**+5*
284D6D	"uK+"**2-7*
284D6E	"q>~~}"++**
284D6F	"+hfS"**\-3*
284D70	"]G2"**8+8*
284D71	"ui+"**2-5*
284D72	"ui~Y"+**9-
284D73	"ui~Y"+**8-
284D74	"ui~Y"+**7-
284D75	"ui~Y"+**6-
284D76	"ui~Y"+**5-
284D77	"ui~Y"+**4-
284D78	"ui~Y"+**3-
284D79	"ui~Y"+**2-
284D7A	"ui~Y"+**1-
284D7B	"ui~Y"+**
284D7C	"ui~Y"+**1+
284D7D	"ui~Y"+**2+
284D7E	"ui~Y"+**3+
284D7F	"ui~Y"+**4+
284D80	"ui~Y"+**5+
284D81	"ui~Y"+**6+
284D82	"ui~Y"+**7+
284D83	"ui~Y"+**8+
284D84	"ui~Y"+**9+
284D85	"mh~k"+**3-
284D86	"mh~k"+**2-
284D87	"mh~k"+**1-
284D88	"mh~k"+**
284D89	"mh~k"+**1+
284D8A	"mh~k"+**2+
284D8B	"mh~k"+**3+
284D8C	"mh~k"+**4+
284D8D	"mh~k"+**5+
284D8E	"mh~k"+**6+
284D8F	"mh~k"+**7+
284D90	"mh~k"+**8+
284D91	"mh~k"+**9+
284D92	"}{v["**\-2*
284D93	"tsB"**7-3*
284D94	"sc:"**5-4*
284D95	"mh~k"+**4+9+
284D96	"tsc"**9-2*
284D97	"uK+"**4+7*
284D98	"tsc"**8-2*
284D99	"~{m~G"+**+
284D9A	"tsc"**7-2*
284D9B	" -+'#"***+
284D9C	"tsc"**6-2*
284D9D	"yS~h!"++**
284D9E	"tsc"**5-2*
284D9F	"iA+"**4+9*
284DA0	"tsc"**4-2*
284DA1	"&-+'#"***+
284DA2	"tsc"**3-2*
284DA3	"|w~5"+**9-
284DA4	"|w~5"+**8-
284DA5	"|w~5"+**7-
284DA6	"|w~5"+**6-
284DA7	"|w~5"+**5-
284DA8	"tsc"**2*
284DA9	"|w~5"+**3-
284DAA	"|w~5"+**2-
284DAB	"|w~5"+**1-
284DAC	"|w~5"+**
284DAD	"|w~5"+**1+
284DAE	"~|d~W"+**+
284DAF	"|w~5"+**3+
284DB0	"|w~5"+**4+
284DB1	"|w~5"+**5+
284DB2	"|w~5"+**6+
284DB3	"|w~5"+**7+
284DB4	"|w~5"+**8+
284DB5	"|w~5"+**9+
284DB6	"tsc"**7+2*
284DB7	"tc."**3+5*
284DB8	"tsc"**8+2*
284DB9	">-+'#"***+
284DBA	"tsc"**9+2*
284DBB	"@-+'#"***+
284DBC	"sc:"**5+4*
284DBD	"B-+'#"***+
284DBE	"YG~S"+**2*
284DBF	"D-+'#"***+
284DC0	"sc:"**6+4*
284DC1	"tc."**5+5*
284DC2	"G-+'#"***+
284DC3	"iA+"**8+9*
284DC4	"sc:"**7+4*
284DC5	"J-+'#"***+
284DC6	"tc."**6+5*
284DC7	"L-+'#"***+
284DC8	"sc:"**8+4*
284DC9	"N-+'#"***+
284DCA	"O-+'#"***+
284DCB	"tc."**7+5*
284DCC	"o~ml"*+*2*
284DCD	"R-+'#"***+
284DCE	"S-+'#"***+
284DCF	"I~{)"*+*7*
284DD0	"uSD"**8-4*
284DD1	"=95+"***3/
284DD2	"ts!"**7+6*
284DD3	"X-+'#"***+
284DD4	"uSD"**7-4*
284DD5	"hfS"**9-3*
284DD6	"}q~="+**9-
284DD7	"}q~="+**8-
284DD8	"}q~="+**7-
284DD9	"}q~="+**6-
284DDA	"}q~="+**5-
284DDB	"}q~="+**4-
284DDC	"}q~="+**3-
284DDD	"}q~="+**2-
284DDE	"}q~="+**1-
284DDF	"}q~="+**
284DE0	"}q~="+**1+
284DE1	"}q~="+**2+
284DE2	"}q~="+**3+
284DE3	"}q~="+**4+
284DE4	"rF~~O"++**
284DE5	"}q~="+**6+
284DE6	"}q~="+**7+
284DE7	"}q~="+**8+
284DE8	"}q~="+**9+
284DE9	"qU7"**2+5*
284DEA	"hfS"**2-3*
284DEB	"XC@"**3-7*
284DEC	"uSD"**1-4*
284DED	"hfS"**1-3*
284DEE	"qU7"**3+5*
284DEF	"t-+'#"***+
284DF0	"hfS"**3*
284DF1	"v-+'#"***+
284DF2	"XC@"**2-7*
284DF3	"hfS"**1+3*
284DF4	"uSD"**1+4*
284DF5	"z-+'#"***+
284DF6	"hfS"**2+3*
284DF7	"|-+'#"***+
284DF8	"d^~z!"++**
284DF9	"~ogM"**+3*
284DFA	"pXC"**4*6-
284DFB	"pXC"**4*5-
284DFC	"hfS"**4+3*
284DFD	"qU7"**6+5*
284DFE	"pXC"**4*2-
284DFF	"aW~~="++**
284E00	"pXC"**4*
284E01	"pXC"**4*1+
284E02	"Z~oW"*+*3*
284E03	"pXC"**4*3+
284E04	"uSD"**5+4*
284E05	"hfS"**7+3*
284E06	"pXC"**4*6+
284E07	"qU7"**8+5*
284E08	"hfS"**8+3*
284E09	"pXC"**4*9+
284E0A	"A{v["**\-2*
284E0B	"c~q~m"+*+*
284E0C	"uSD"**7+4*
284E0D	"yv~;"+**9-
284E0E	"z~{~1"+*+*
284E0F	"yv~;"+**7-
284E10	"yv~;"+**6-
284E11	"yv~;"+**5-
284E12	"yv~;"+**4-
284E13	"yv~;"+**3-
284E14	"yv~;"+**2-
284E15	"yv~;"+**1-
284E16	"yv~;"+**
284E17	"yv~;"+**1+
284E18	"yv~;"+**2+
284E19	"yv~;"+**3+
284E1A	"yv~;"+**4+
284E1B	"sg~a"+**
284E1C	"yv~;"+**6+
284E1D	"yv~;"+**7+
284E1E	"yv~;"+**8+
284E1F	"yv~;"+**9+
284E20	"sg~a"+**5+
284E21	"sg~a"+**6+
284E22	"sg~a"+**7+
284E23	"sg~a"+**8+
284E24	"sg~a"+**9+
284E25	"yv%"**3+5*
284E26	"~oA="**+6*
284E27	"yv~;"+**8+9+
284E28	"pC,"**5+8*
284E29	"!v[R"**\-3*
284E2A	"yv%"**4+5*
284E2B	"sg~a"+**7+9+
284E2C	"0{v["**\-2*
284E2D	"sg~a"+**9+9+
284E2E	"/{v["**\-2*
284E2F	"~ya-"**+5*
284E30	"pC,"**6+8*
284E31	"XC@"**7+7*
284E32	"-{v["**\-2*
284E33	"yv%"**4+5*9+
284E34	"yv%"**6+5*
284E35	"7ujG"**\-3*
284E36	"+{v["**\-2*
284E37	"~ya-"**+5*8+
284E38	"~~^I"*+*3*
284E39	"yv%"**7+5*
284E3A	"_SC"**5*9-
284E3B	"_SC"**5*8-
284E3C	"a\J"**9-4*
284E3D	"_SC"**5*6-
284E3E	"A~zn"*+*3*
284E3F	"XC@"**9+7*
284E40	"a\J"**8-4*
284E41	"_SC"**5*2-
284E42	"_SC"**5*1-
284E43	"_SC"**5*
284E44	"a\J"**7-4*
284E45	"_SC"**5*2+
284E46	"jY("**6-7*
284E47	"_SC"**5*4+
284E48	"a\J"**6-4*
284E49	"_SC"**5*6+
284E4A	"_SC"**5*7+
284E4B	"_SC"**5*8+
284E4C	"_SC"**5*9+
284E4D	"_SC"**2+5*
284E4E	"Stsc"**+2*
284E4F	"jY("**6-7*9+
284E50	"q~{^"*+*2*
284E51	";~y++"**+*5/
284E52	"_SC"**3+5*
284E53	"-ujG"**\-3*
284E54	"a\J"**3-4*
284E55	"~}q~="+**+8-
284E56	"t93/"***6/
284E57	"_SC"**4+5*
284E58	"a\J"**2-4*
284E59	"a\J"**4*7-
284E5A	"a\J"**4*6-
284E5B	"jY("**3-7*
284E5C	"uk~U"+**9-
284E5D	"~}q~="+**+
284E5E	"uk~U"+**7-
284E5F	"uk~U"+**6-
284E60	"a\J"**4*
284E61	"uk~U"+**4-
284E62	"uk~U"+**3-
284E63	"uk~U"+**2-
284E64	"uk~U"+**1-
284E65	"uk~U"+**
284E66	"uk~U"+**1+
284E67	"uk~U"+**2+
284E68	"uk~U"+**3+
284E69	"uk~U"+**4+
284E6A	"uk~U"+**5+
284E6B	"uk~U"+**6+
284E6C	"uk~U"+**7+
284E6D	"uk~U"+**8+
284E6E	"uk~U"+**9+
284E6F	"jYF"**4*1-
284E70	"jYF"**4*
284E71	"v[R"**9-3*
284E72	"jYF"**4*2+
284E73	"jYF"**4*3+
284E74	"v[R"**8-3*
284E75	"pY5"**1+5*
284E76	"jYF"**4*6+
284E77	"v[R"**7-3*
284E78	"a\J"**6+4*
284E79	"jYF"**4*9+
284E7A	"{v["**9-2*
284E7B	"`~n~{"+*+*5-
284E7C	"{v["**8-2*
284E7D	"v[R"**5-3*
284E7E	"{v["**7-2*
284E7F	"pY5"**3+5*
284E80	"`~n~{"+*+*
284E81	"`~n~{"+*+*1+
284E82	"g~t~^"+*+*
284E83	"{v~8"+**9-
284E84	"{v~8"+**8-
284E85	"{v~8"+**7-
284E86	"{v~8"+**6-
284E87	"{v~8"+**5-
284E88	"z~^~g"+*+*
284E89	"{v~8"+**3-
284E8A	"{v~8"+**2-
284E8B	"{v~8"+**1-
284E8C	"{v~8"+**
284E8D	"{v~8"+**1+
284E8E	"{v~8"+**2+
284E8F	"{v~8"+**3+
284E90	"{v~8"+**4+
284E91	"{v~8"+**5+
284E92	"e~l~s"+*+*
284E93	"{v~8"+**7+
284E94	"~yv~;"+**+
284E95	"{v~8"+**9+
284E96	"{v["**5+2*
284E97	"{v~8"+**2+9+
284E98	"{v["**6+2*
284E99	"~sg~a"+**+
284E9A	"w~|~4"+*+*
284E9B	"v[R"**5+3*
284E9C	"{v["**8+2*
284E9D	"pY5"**9+5*
284E9E	"{v["**9+2*
284E9F	"~sg~a"+**+6+
284EA0	"{[;"**5+4*
284EA1	"v[R"**7+3*
284EA2	"swod"**\-2*
284EA3	"w~|~4"+*+*9+
284EA4	"|Q~h!"++**
284EA5	"{v["**8+2*9+
284EA6	"qwod"**\-2*
284EA7	"v[R"**9+3*
284EA8	"V~[S"*+*4*
284EA9	"{[;"**5+4*9+
284EAA	"oI~~J"++**
284EAB	"|Q~h!"++**7+
284EAC	"{[;"**8+4*
284EAD	"WW~~a"++**
284EAE	"mwod"**\-2*
284EAF	"jY("**9+7*
284EB0	"X~{y"*+*2*
284EB1	"#XOL"**\-5*
284EB2	"kwod"**\-2*
284EB3	"%faY"**\-3*
284EB4	"jwod"**\-2*
284EB5	"WW~~a"++**8+
284EB6	"i~vF"*+*3*
284EB7	"jY("**9+7*8+
284EB8	"qa~s"+**9-
284EB9	"qa~s"+**8-
284EBA	"qa~s"+**7-
284EBB	"qa~s"+**6-
284EBC	"qa~s"+**5-
284EBD	"qa~s"+**4-
284EBE	"qa~s"+**3-
284EBF	"qa~s"+**2-
284EC0	"hd~_!"++**
284EC1	"qa~s"+**
284EC2	"qa~s"+**1+
284EC3	"qa~s"+**2+
284EC4	"qa~s"+**3+
284EC5	"qa~s"+**4+
284EC6	"qa~s"+**5+
284EC7	"qa~s"+**6+
284EC8	"qa~s"+**7+
284EC9	"qa~s"+**8+
284ECA	"qa~s"+**9+
284ECB	"ujG"**5-3*
284ECC	"^wod"**\-2*
284ECD	"qa~s"+**3+9+
284ECE	"ujG"**4-3*
284ECF	"m%b!"+**5*
284ED0	"k~P%"*+*8*
284ED1	"uj~W"+**9-
284ED2	"uj~W"+**8-
284ED3	"uj~W"+**7-
284ED4	"uj~W"+**6-
284ED5	"uj~W"+**5-
284ED6	"uj~W"+**4-
284ED7	"uj~W"+**3-
284ED8	"uj~W"+**2-
284ED9	"uj~W"+**1-
284EDA	"uj~W"+**
284EDB	"uj~W"+**1+
284EDC	"uj~W"+**2+
284EDD	"uj~W"+**3+
284EDE	"uj~W"+**4+
284EDF	"uj~W"+**5+
284EE0	"p~s~N"+*+*
284EE1	"uj~W"+**7+
284EE2	"uj~W"+**8+
284EE3	"uj~W"+**9+
284EE4	"gg~{"+**5-
284EE5	"gg~{"+**4-
284EE6	"gg~{"+**3-
284EE7	"[[~~C"++**
284EE8	"gg~{"+**1-
284EE9	"gg~{"+**
284EEA	"gg~{"+**1+
284EEB	"gg~{"+**2+
284EEC	"gg~{"+**3+
284EED	"gg~{"+**4+
284EEE	"gg~{"+**5+
284EEF	"gg~{"+**6+
284EF0	"gg~{"+**7+
284EF1	"gg~{"+**8+
284EF2	"gg~{"+**9+
284EF3	"gg~{"+**1+9+
284EF4	"Jwod"**\-2*
284EF5	"ujG"**9+3*
284EF6	"Iwod"**\-2*
284EF7	"+^MI"**\-5*
284EF8	"s]~y"+**9-
284EF9	"s]~y"+**8-
284EFA	"s]~y"+**7-
284EFB	"s]~y"+**6-
284EFC	"s]~y"+**5-
284EFD	"s]~y"+**4-
284EFE	"s]~y"+**3-
284EFF	"s]~y"+**2-
284F00	"s]~y"+**1-
284F01	"s]~y"+**
284F02	"z;~~s"++**
284F03	"s]~y"+**2+
284F04	"s]~y"+**3+
284F05	"s]~y"+**4+
284F06	"s]~y"+**5+
284F07	"s]~y"+**6+
284F08	"s]~y"+**7+
284F09	"s]~y"+**8+
284F0A	"s]~y"+**9+
284F0B	"}3(%#"***\-
284F0C	"|3(%#"***\-
284F0D	"faY"**7-3*
284F0E	"z3(%#"***\-
284F0F	"y3(%#"***\-
284F10	"x~r~B"+*+*
284F11	"wO~z!"++**
284F12	"v3(%#"***\-
284F13	"faY"**5-3*
284F14	"t3(%#"***\-
284F15	"s3(%#"***\-
284F16	"faY"**4-3*
284F17	"q3(%#"***\-
284F18	"b\~~)"++**
284F19	"faY"**3-3*
284F1A	"~VSJ"**+5*
284F1B	"faY"**3*7-
284F1C	"faY"**2-3*
284F1D	"faY"**3*5-
284F1E	"faY"**3*4-
284F1F	"faY"**1-3*
284F20	"|~h2"*+*4*
284F21	"faY"**3*1-
284F22	"faY"**3*
284F23	"faY"**3*1+
284F24	"mSI"**6-4*
284F25	"faY"**1+3*
284F26	"faY"**3*4+
284F27	"faY"**3*5+
284F28	"faY"**2+3*
284F29	"faY"**3*7+
284F2A	"faY"**3*8+
284F2B	"faY"**3+3*
284F2C	"mSI"**4-4*
284F2D	"[3(%#"***\-
284F2E	"faY"**4+3*
284F2F	"Y3(%#"***\-
284F30	"mSI"**3-4*
284F31	"faY"**5+3*
284F32	"V3(%#"***\-
284F33	"XOL"**9-5*
284F34	"faY"**6+3*
284F35	"mSI"**4*7-
284F36	"mSI"**4*6-
284F37	"faY"**7+3*
284F38	"mSI"**1-4*
284F39	"mSI"**4*3-
284F3A	"faY"**8+3*
284F3B	"k~y~M"+*+*
284F3C	"mSI"**4*
284F3D	"K;~I"+**3*
284F3E	"mSI"**4*2+
284F3F	"mSI"**4*3+
284F40	"mSI"**1+4*
284F41	"mSI"**4*5+
284F42	"[~PG"*+*5*
284F43	"mSI"**4*7+
284F44	"mSI"**2+4*
284F45	"mSI"**4*9+
284F46	"E~ul"*+*3*
284F47	"pg~g"+**9-
284F48	"pg~g"+**8-
284F49	"pg~g"+**7-
284F4A	"pg~g"+**6-
284F4B	"pg~g"+**5-
284F4C	"pg~g"+**4-
284F4D	"pg~g"+**3-
284F4E	"pg~g"+**2-
284F4F	"uC~~U"++**
284F50	"pg~g"+**
284F51	"pg~g"+**1+
284F52	"pg~g"+**2+
284F53	"pg~g"+**3+
284F54	"pg~g"+**4+
284F55	"pg~g"+**5+
284F56	"}~h~L"+*+*
284F57	"pg~g"+**7+
284F58	"pg~g"+**8+
284F59	"pg~g"+**9+
284F5A	"nOL"**4*6-
284F5B	"XOL"**1-5*
284F5C	"e~y5"*+*4*
284F5D	"nOL"**4*3-
284F5E	"wd%"**7-6*
284F5F	"nOL"**4*1-
284F60	"nOL"**4*
284F61	"nOL"**4*1+
284F62	"nOL"**4*2+
284F63	"nOL"**4*3+
284F64	"nOL"**1+4*
284F65	"XOL"**1+5*
284F66	"nOL"**4*6+
284F67	"~gg~{"+**+
284F68	"G~|J"*+*4*
284F69	"nOL"**4*9+
284F6A	"~hfS"**+3*
284F6B	"~gg~{"+**+4+
284F6C	"nOL"**3+4*
284F6D	"wdJ"**9-3*
284F6E	"q{v["**+2*
284F6F	"vt~C"+**9-
284F70	"vt~C"+**8-
284F71	"vt~C"+**7-
284F72	"vt~C"+**6-
284F73	"vt~C"+**5-
284F74	"vt~C"+**4-
284F75	"vt~C"+**3-
284F76	"vt~C"+**2-
284F77	"vt~C"+**1-
284F78	"vt~C"+**
284F79	"vt~C"+**1+
284F7A	"vt~C"+**2+
284F7B	"vt~C"+**3+
284F7C	"vt~C"+**4+
284F7D	"vt~C"+**5+
284F7E	"vt~C"+**6+
284F7F	"vt~C"+**7+
284F80	"vt~C"+**8+
284F81	"vt~C"+**9+
284F82	"xw~;"+**6-
284F83	"xw~;"+**5-
284F84	"xw~;"+**4-
284F85	"xw~;"+**3-
284F86	"xw~;"+**2-
284F87	"xw~;"+**1-
284F88	"xw~;"+**
284F89	"xw~;"+**1+
284F8A	"xw~;"+**2+
284F8B	"xw~;"+**3+
284F8C	"xw~;"+**4+
284F8D	"xw~;"+**5+
284F8E	"xw~;"+**6+
284F8F	"xw~;"+**7+
284F90	"xw~;"+**8+
284F91	"xw~;"+**9+
284F92	"wod"**5+2*
284F93	"m<+  "***\-
284F94	"wod"**6+2*
284F95	"k<+  "***\-
284F96	"wod"**7+2*
284F97	"c~oO"*+*3*
284F98	"wod"**8+2*
284F99	"g<+  "***\-
284F9A	"wod"**9+2*
284F9B	"e<+  "***\-
284F9C	"wo2"**5+4*
284F9D	"[~{~m"+*+*
284F9E	"b<+  "***\-
284F9F	"a<+  "***\-
284FA0	"`~mS"*+*3*
284FA1	"xw%"**5+5*
284FA2	"^<+  "***\-
284FA3	"wdJ"**9+3*
284FA4	"wo2"**7+4*
284FA5	"[<+  "***\-
284FA6	"xw%"**6+5*
284FA7	"Y<+  "***\-
284FA8	"wo2"**8+4*
284FA9	"~W~s"+**9-
284FAA	"~W~s"+**8-
284FAB	"~W~s"+**7-
284FAC	"~W~s"+**6-
284FAD	"~W~s"+**5-
284FAE	"~W~s"+**4-
284FAF	"~W~s"+**3-
284FB0	"~W~s"+**2-
284FB1	"~W~s"+**1-
284FB2	"~W~s"+**
284FB3	"~W~s"+**1+
284FB4	"~W~s"+**2+
284FB5	"~W~s"+**3+
284FB6	"~W~s"+**4+
284FB7	"~W~s"+**5+
284FB8	"~W~s"+**6+
284FB9	"~W~s"+**7+
284FBA	"~W~s"+**8+
284FBB	"~W~s"+**9+
284FBC	")tNI"**\-4*
284FBD	"C<+  "***\-
284FBE	"wd%"**9+6*
284FBF	"^MI"**3-5*
284FC0	"xU%"**8+7*
284FC1	"5thI"**\-3*
284FC2	"><+  "***\-
284FC3	"=<+  "***\-
284FC4	"u~m~P"+*+*
284FC5	"^MI"**5*9-
284FC6	"^MI"**5*8-
284FC7	"xU%"**9+7*
284FC8	"wK%"**8+8*
284FC9	"^MI"**1-5*
284FCA	"VP@"**9-6*
284FCB	"^MI"**5*3-
284FCC	"^MI"**5*2-
284FCD	"^MI"**5*1-
284FCE	"^MI"**5*
284FCF	"^MI"**5*1+
284FD0	"VP@"**8-6*
284FD1	"^MI"**5*3+
284FD2	"^MI"**5*4+
284FD3	"^MI"**1+5*
284FD4	"YR~~n"++**
284FD5	"^MI"**5*7+
284FD6	"VP@"**7-6*
284FD7	"^MI"**5*9+
284FD8	"^MI"**2+5*
284FD9	"-thI"**\-3*
284FDA	")wod"**+2*
284FDB	"%<+  "***\-
284FDC	"xV@"**9-4*
284FDD	"^MI"**3+5*
284FDE	"V3(%#"***+
284FDF	"gK&"**7-9*
284FE0	"xV@"**8-4*
284FE1	"Y3(%#"***+
284FE2	"S~x4"*+*5*
284FE3	"nI/"**3+7*
284FE4	"xV@"**7-4*
284FE5	"]3(%#"***+
284FE6	"^3(%#"***+
284FE7	"^MI"**5+5*
284FE8	"lQ~~2"++**
284FE9	"a3(%#"***+
284FEA	"nI/"**4+7*
284FEB	"c3(%#"***+
284FEC	"xV@"**5-4*
284FED	"e3(%#"***+
284FEE	"VP@"**3-6*
284FEF	"g3(%#"***+
284FF0	"xV@"**4-4*
284FF1	"^MI"**7+5*
284FF2	"j3(%#"***+
284FF3	"k3(%#"***+
284FF4	"xV@"**3-4*
284FF5	"m3(%#"***+
284FF6	"zG="**5*
284FF7	"zG="**5*1+
284FF8	"[L~A"+**2*
284FF9	"zG="**5*3+
284FFA	"y~l~K"+*+*
284FFB	"^MI"**9+5*
284FFC	"xV@"**1-4*
284FFD	"|jC"**9-3*
284FFE	"zG="**5*8+
284FFF	"nI/"**7+7*
